Seq,Year,Month,Title,Published_As,Author
1,1939,July,Black Destroyer,A. E. van Vogt,"van Vogt, A. E."
2,1939,July,Greater Than Gods,C. L. Moore,"Moore, C. L."
3,1939,July,City of the Cosmic Rays,Nat Schachner,"Schachner, Nat"
4,1939,July,When the Half Gods Go,Amelia R. Long,"Long, Amelia R."
5,1939,July,Trends,Isaac Asimov,"Asimov, Isaac"
6,1939,July,"Lightship, Ho!",Nelson S. Bond,"Bond, Nelson S."
7,1939,July,The Moth,Ross Rocklynne,"Rocklynne, Ross"
8,1939,August,Pleasure Trove,P. Schuyler Miller,"Miller, P. Schuyler"
9,1939,August,The Blue Giraffe,L. Sprague de Camp,"de Camp, L. Sprague"
10,1939,August,The Luck of Ignatz,Lester del Rey,"del Rey, Lester"
11,1939,August,"General Swamp, C.I.C., part 1 of 2",Frederick Engelhardt,"Engelhardt, Frederick"
12,1939,August,Stowaway,Nelson S. Bond,"Bond, Nelson S."
13,1939,August,An Ultimatum from Mars,Ray Cummings,"Cummings, Ray"
14,1939,August,Heavy Planet,Lee Gregor,"Gregor, Lee"
15,1939,August,Life-Line,Robert A. Heinlein,"Heinlein, Robert A."
16,1939,September,Forces Must Balance,Manly Wade Wellman,"Wellman, Manly Wade"
17,1939,September,The Last Hope,Don Evans,"Evans, Don"
18,1939,September,"General Swamp, C.I.C., part 2 of 2",Frederick Engelhardt,"Engelhardt, Frederick"
19,1939,September,Atmospherics,Victor Valding,"Valding, Victor"
20,1939,September,Masson's Secret,Raymond Z. Gallun,"Gallun, Raymond Z."
21,1939,September,Ether Breather,Theodore Sturgeon,"Sturgeon, Theodore"
22,1939,October,A Question of Salvage,Malcolm Jameson,"Jameson, Malcolm"
23,1939,October,"Gray Lensman, part 1 of 4",E. E. Smith,"Smith, E. E."
24,1939,October,Shawn's Sword,Lee Gregor,"Gregor, Lee"
25,1939,October,Rust,Joseph E. Kelleam,"Kelleam, Joseph E."
26,1939,October,Space Rating,John Berryman,"Berryman, John"
27,1939,October,Episode on Dhee Minor,Harry Walton,"Walton, Harry"
28,1939,November,Power Plant,Harl Vincent,"Vincent, Harl"
29,1939,November,"Gray Lensman, part 2 of 4",E. E. Smith,"Smith, E. E."
30,1939,November,Spacewreck,Oscar A. Boch,"Boch, Oscar A."
31,1939,November,This Ship Kills!,Frederick Engelhardt,"Engelhardt, Frederick"
32,1939,November,Misfit,Robert A. Heinlein,"Heinlein, Robert A."
33,1939,November,Habit,Lester del Rey,"del Rey, Lester"
34,1939,December,City of the Corporate Mind,Nat Schachner,"Schachner, Nat"
35,1939,December,Discord in Scarlet,A. E. van Vogt,"van Vogt, A. E."
36,1939,December,"Gray Lensman, part 3 of 4",E. E. Smith,"Smith, E. E."
37,1939,December,Thundering Peace,Kent Casey,"Casey, Kent"
38,1939,December,The Nova,Edwin K. Sloat,"Sloat, Edwin K."
39,1939,December,Sculptors of Life,Wallace West,"West, Wallace"
40,1940,January,Neutral Vessel,Harl Vincent,"Vincent, Harl"
41,1940,January,The Smallest God,Lester del Rey,"del Rey, Lester"
42,1940,January,In the Day of the Cold,Sam Weston,"Weston, Sam"
43,1940,January,Requiem,Robert A. Heinlein,"Heinlein, Robert A."
44,1940,January,Moon of Delirium,Daniel Lewis James,"James, Daniel Lewis"
45,1940,February,The Professor Was a Thief,L. Ron Hubbard,"Hubbard, L. Ron"
46,1940,February,And Then There Was One,Ross Rocklynne,"Rocklynne, Ross"
47,1940,February,"If This Goes On..., part 1 of 2",Robert A. Heinlein,"Heinlein, Robert A."
48,1940,February,Martian Quest,Leigh Brackett,"Brackett, Leigh"
49,1940,February,High Frequency War,Harl Vincent,"Vincent, Harl"
50,1940,February,Bombardment in Reverse,Norman L. Knight,"Knight, Norman L."
51,1940,February,Locked Out,H. B. Fyfe,"Fyfe, H. B."
52,1940,March,The Emancipated,L. Sprague de Camp,"de Camp, L. Sprague"
53,1940,March,Cold,Nat Schachner,"Schachner, Nat"
54,1940,March,"If This Goes On..., part 2 of 2",Robert A. Heinlein,"Heinlein, Robert A."
55,1940,March,Chapter from the Beginning,A. M. Phillips,"Phillips, A. M."
56,1940,March,The Dwindling Sphere,Willard E. Hawkins,"Hawkins, Willard E."
57,1940,March,In the Good Old Summertime,P. Schuyler Miller,"Miller, P. Schuyler"
58,1940,April,Admiral's Inspection,Malcolm Jameson,"Jameson, Malcolm"
59,1940,April,Reincarnate,Lester del Rey,"del Rey, Lester"
60,1940,April,Repetition,A. E. van Vogt,"van Vogt, A. E."
61,1940,April,"Final Blackout, part 1 of 3",L. Ron Hubbard,"Hubbard, L. Ron"
62,1940,April,Unguh Made a Fire,Ross Rocklynne,"Rocklynne, Ross"
63,1940,April,The Treasure of Ptakuth,Leigh Brackett,"Brackett, Leigh"
64,1940,May,Space Guards,Phil Nowlan,"Nowlan, Phil"
65,1940,May,Rim of the Deep,Clifford D. Simak,"Simak, Clifford D."
66,1940,May,"Final Blackout, part 2 of 3",L. Ron Hubbard,"Hubbard, L. Ron"
67,1940,May,The Last of the Asterites,Joseph E. Kelleam,"Kelleam, Joseph E."
68,1940,May,Space Double,Nat Schachner,"Schachner, Nat"
69,1940,May,The Long Winter,Raymond Z. Gallun,"Gallun, Raymond Z."
70,1940,May,Hindsight,Jack Williamson,"Williamson, Jack"
71,1940,June,The Carbon Eater,Douglas Drew,"Drew, Douglas"
72,1940,June,The Roads Must Roll,Robert A. Heinlein,"Heinlein, Robert A."
73,1940,June,"Final Blackout, part 3 of 3",L. Ron Hubbard,"Hubbard, L. Ron"
74,1940,June,Deputy Correspondent,Harl Vincent,"Vincent, Harl"
75,1940,June,The Testament of Akubii,Norman L. Knight,"Knight, Norman L."
76,1940,July,The Red Death of Mars,Robert Moore Williams,"Williams, Robert Moore"
77,1940,July,Coventry,Robert A. Heinlein,"Heinlein, Robert A."
78,1940,July,"Crisis in Utopia, part 1 of 2",Norman L. Knight,"Knight, Norman L."
79,1940,July,The Idealist,Kurt von Rachen,"von Rachen, Kurt"
80,1940,July,The Mosaic,J. B. Ryan,"Ryan, J. B."
81,1940,July,Emergency Landing,Ralph Williams,"Williams, Ralph"
82,1940,July,Dark Mission,Lester del Rey,"del Rey, Lester"
83,1940,August,Vault of the Beast,A. E. van Vogt,"van Vogt, A. E."
84,1940,August,The Stars Look Down,Lester del Rey,"del Rey, Lester"
85,1940,August,"Crisis in Utopia, part 2 of 2",Norman L. Knight,"Knight, Norman L."
86,1940,August,Rendezvous,John Berryman,"Berryman, John"
87,1940,August,Clerical Error,Clifford D. Simak,"Simak, Clifford D."
88,1940,August,Moon of Exile,Harry Walton,"Walton, Harry"
89,1940,August,Done Without Eagles,Philip St. John,"St. John, Philip"
90,1940,September,Blowups Happen,Robert A. Heinlein,"Heinlein, Robert A."
91,1940,September,"Slan, part 1 of 4",A. E. van Vogt,"van Vogt, A. E."
92,1940,September,The Kilkenny Cats,Kurt von Rachen,"von Rachen, Kurt"
93,1940,September,Emergency,Vic Phillips,"Phillips, Vic"
94,1940,September,Quietus,Ross Rocklynne,"Rocklynne, Ross"
95,1940,September,Homo Sol,Isaac Asimov,"Asimov, Isaac"
96,1940,October,Farewell to the Master,Harry Bates,"Bates, Harry"
97,1940,October,Butyl and the Breather,Theodore Sturgeon,"Sturgeon, Theodore"
98,1940,October,"Slan, part 2 of 4",A. E. van Vogt,"van Vogt, A. E."
99,1940,October,Runaway Cargo,Nat Schachner,"Schachner, Nat"
100,1940,October,White Mutiny,Malcolm Jameson,"Jameson, Malcolm"
101,1940,October,The Warrior Race,L. Sprague de Camp,"de Camp, L. Sprague"
102,1940,November,Salvage,Vic Phillips,"Phillips, Vic"
103,1940,November,The Exalted,L. Sprague de Camp,"de Camp, L. Sprague"
104,1940,November,"Slan, part 3 of 4",A. E. van Vogt,"van Vogt, A. E."
105,1940,November,One Was Stubborn,Rene La Fayette,"Hubbard, L. Ron"
106,1940,November,Sunspot Purge,Clifford D. Simak,"Simak, Clifford D."
107,1940,December,Spheres,D. M. Edwards,"Edwards, Dolton"
108,1940,December,Fog,Robert Willey,"Willey, Robert"
109,1940,December,Old Man Mulligan,P. Schuyler Miller,"Miller, P. Schuyler"
110,1940,December,"Slan, part 4 of 4",A. E. van Vogt,"van Vogt, A. E."
111,1940,December,Legacy,Nelson S. Bond,"Bond, Nelson S."
112,1941,January,Doom Ship,Harry Walton,"Walton, Harry"
113,1941,January,The Mechanical Mice,Maurice G. Hugi,"Hugi, Maurice G."
114,1941,January,"Sixth Column, part 1 of 3",Anson MacDonald,"Heinlein, Robert A."
115,1941,January,The Traitor,Kurt von Rachen,"von Rachen, Kurt"
116,1941,January,Lost Rocket,Manly Wade Wellman,"Wellman, Manly Wade"
117,1941,January,The Opportunists,E. A. Grosser,"Grosser, E. A."
118,1941,January,The Day We Celebrate,Nelson S. Bond,"Bond, Nelson S."
119,1941,February,Magic City,Nelson S. Bond,"Bond, Nelson S."
120,1941,February,Trouble on Tantalus,P. Schuyler Miller,"Miller, P. Schuyler"
121,1941,February,"Sixth Column, part 2 of 3",Anson MacDonald,"Heinlein, Robert A."
122,1941,February,Completely Automatic,Theodore Sturgeon,"Sturgeon, Theodore"
123,1941,February,Castaway,Robert Moore Williams,"Williams, Robert Moore"
124,1941,February,The Best-Laid Scheme,L. Sprague de Camp,"de Camp, L. Sprague"
125,1941,February,"""...And He Built a Crooked House""",Robert A. Heinlein,"Heinlein, Robert A."
126,1941,March,Masquerade,Clifford D. Simak,"Simak, Clifford D."
127,1941,March,Logic of Empire,Robert A. Heinlein,"Heinlein, Robert A."
128,1941,March,"Sixth Column, part 3 of 3",Anson MacDonald,"Heinlein, Robert A."
129,1941,March,Putsch,Scott Roberts,"Roberts, Scott"
130,1941,March,Eccentric Orbit,D. B. Thompson,"Thompson, D. B."
131,1941,March,Blockade Runner,Malcolm Jameson,"Jameson, Malcolm"
132,1941,March,Poker Face,Theodore Sturgeon,"Sturgeon, Theodore"
133,1941,April,The Mutineers,Kurt von Rachen,"von Rachen, Kurt"
134,1941,April,Microcosmic God,Theodore Sturgeon,"Sturgeon, Theodore"
135,1941,April,"The Stolen Dormouse, part 1 of 2",L. Sprague de Camp,"de Camp, L. Sprague"
136,1941,April,The Scrambler,Harry Walton,"Walton, Harry"
137,1941,April,Slackers' Paradise,Malcolm Jameson,"Jameson, Malcolm"
138,1941,April,Bird Walk,P. Schuyler Miller,"Miller, P. Schuyler"
139,1941,April,Reason,Isaac Asimov,"Asimov, Isaac"
140,1941,April,Not the First,A. E. van Vogt,"van Vogt, A. E."
141,1941,May,Universe,Robert A. Heinlein,"Heinlein, Robert A."
142,1941,May,Solution Unsatisfactory,Anson MacDonald,"Heinlein, Robert A."
143,1941,May,"The Stolen Dormouse, part 2 of 2",L. Sprague de Camp,"de Camp, L. Sprague"
144,1941,May,Fish Story,Vic Phillips & Scott Roberts,"Roberts, Vic Phillips & Scott"
145,1941,May,Subcruiser,Harry Walton,"Walton, Harry"
146,1941,May,Jay Score,Eric Frank Russell,"Russell, Eric Frank"
147,1941,May,Liar!,Isaac Asimov,"Asimov, Isaac"
148,1941,June,A Matter of Speed,Harry Bates,"Bates, Harry"
149,1941,June,Time Wants a Skeleton,Ross Rocklynne,"Rocklynne, Ross"
150,1941,June,Old Fireball,Nat Schachner,"Schachner, Nat"
151,1941,June,Artnan Process,Theodore Sturgeon,"Sturgeon, Theodore"
152,1941,June,Devil's Powder,Malcolm Jameson,"Jameson, Malcolm"
153,1941,June,To Fight Another Day,Robert Moore Williams,"Williams, Robert Moore"
154,1941,June,The Purple Light,E. Waldo Hunter,"Hunter, E. Waldo"
155,1941,July,The Probable Man,Alfred Bester,"Bester, Alfred"
156,1941,July,"Methuselah's Children, part 1 of 3",Robert A. Heinlein,"Heinlein, Robert A."
157,1941,July,Spaceship in a Flask,Clifford D. Simak,"Simak, Clifford D."
158,1941,July,The Geometrics of Johnny Day,Nelson S. Bond,"Bond, Nelson S."
159,1941,July,Brown,Frank Belknap Long,"Long, Frank Belknap"
160,1941,July,We Also Walk Dogs,Anson MacDonald,"Heinlein, Robert A."
161,1941,July,The Seesaw,A. E. van Vogt,"van Vogt, A. E."
162,1941,August,Biddiver,Theodore Sturgeon,"Sturgeon, Theodore"
163,1941,August,Jurisdiction,Nat Schachner,"Schachner, Nat"
164,1941,August,"Methuselah's Children, part 2 of 3",Robert A. Heinlein,"Heinlein, Robert A."
165,1941,August,A Meteor Legacy,Raymond Z. Gallun,"Gallun, Raymond Z."
166,1941,August,Klystron Fort,William Carson,"Carson, William"
167,1941,August,Backlash,Jack Williamson,"Williamson, Jack"
168,1941,September,Nightfall,Isaac Asimov,"Asimov, Isaac"
169,1941,September,Elsewhere,Caleb Saunders,"Heinlein, Robert A."
170,1941,September,"Methuselah's Children, part 3 of 3",Robert A. Heinlein,"Heinlein, Robert A."
171,1941,September,Mission,M. Krulfeld,"Krulfeld, M."
172,1941,September,Test of the Gods,Raymond F. Jones,"Jones, Raymond F."
173,1941,September,Adam and No Eve,Alfred Bester,"Bester, Alfred"
174,1941,September,Short-Circuited Probability,Norman L. Knight,"Knight, Norman L."
175,1941,October,By His Bootstraps,Anson MacDonald,"Heinlein, Robert A."
176,1941,October,Common Sense,Robert A. Heinlein,"Heinlein, Robert A."
177,1941,October,Manic Perverse,Winston K. Marks,"Marks, Winston K."
178,1941,October,Not Final!,Isaac Asimov,"Asimov, Isaac"
179,1941,October,Two Percent Inspiration,Theodore Sturgeon,"Sturgeon, Theodore"
180,1941,November,Beyond All Weapons,Nat Schachner,"Schachner, Nat"
181,1941,November,"Second Stage Lensman, part 1 of 4",E. E. Smith,"Smith, E. E."
182,1941,November,You Can't Win,Malcolm Jameson,"Jameson, Malcolm"
183,1941,November,Finity,E. A. Grosser,"Grosser, E. A."
184,1941,November,Direct Action,John Hawkins,"Hawkins, John"
185,1941,November,The Door,Oliver Saari,"Saari, Oliver E."
186,1941,November,Seat of Oblivion,Eric Frank Russell,"Russell, Eric Frank"
187,1941,December,Defense Line,Vic Phillips,"Phillips, Vic"
188,1941,December,"Second Stage Lensman, part 2 of 4",E. E. Smith,"Smith, E. E."
189,1941,December,Operation Successful,Robert Arthur,"Arthur, Robert"
190,1941,December,Homo Saps,Webster Craig,"Craig, Webster"
191,1941,December,The Sorcerer's Apprentice,Colin Keith,"Keith, Colin"
192,1941,December,Bullard Reflects,Malcolm Jameson,"Jameson, Malcolm"
193,1942,January,Breakdown,Jack Williamson,"Williamson, Jack"
194,1942,January,Mechanistria,Eric Frank Russell,"Russell, Eric Frank"
195,1942,January,The Invaders,L. Ron Hubbard,"Hubbard, L. Ron"
196,1942,January,"Second Stage Lensman, part 3 of 4",E. E. Smith,"Smith, E. E."
197,1942,January,Soup King,Colin Keith,"Keith, Colin"
198,1942,January,Fugitive from Vanguard,Norman L. Knight,"Knight, Norman L."
199,1942,February,The Rebels,Kurt von Rachen,"von Rachen, Kurt"
200,1942,February,There Shall Be Darkness,C. L. Moore,"Moore, C. L."
201,1942,February,"Second Stage Lensman, part 4 of 4",E. E. Smith,"Smith, E. E."
202,1942,February,The Sorcerer of Rhiannon,Leigh Brackett,"Brackett, Leigh"
203,1942,February,Starting Point,Raymond F. Jones,"Jones, Raymond F."
204,1942,February,Medusa,Theodore Sturgeon,"Sturgeon, Theodore"
205,1942,March,Day After Tomorrow,Roby Wentz,"Wentz, Roby"
206,1942,March,Describe a Circle,Eric Frank Russell,"Russell, Eric Frank"
207,1942,March,Recruiting Station,A. E. van Vogt,"van Vogt, A. E."
208,1942,March,Goldfish Bowl,Anson MacDonald,"Heinlein, Robert A."
209,1942,March,Runaround,Isaac Asimov,"Asimov, Isaac"
210,1942,March,The Wings of Night,Lester del Rey,"del Rey, Lester"
211,1942,March,The Embassy,Martin Pearson,"Pearson, Martin"
212,1942,April,Silence Is--Deadly,Bertrand L. Shurtieff,"Shurtieff, Bertrand L."
213,1942,April,Monopoly,Vic Phillips & Scott Roberts,"Roberts, Vic Phillips & Scott"
214,1942,April,Co-Operate - Or Else!,A. E. van Vogt,"van Vogt, A. E."
215,1942,April,"Beyond This Horizon, part 1 of 2",Anson MacDonald,"Heinlein, Robert A."
216,1942,April,"""If You're Smart--""",Colin Keith,"Keith, Colin"
217,1942,April,Strain,L. Ron Hubbard,"Hubbard, L. Ron"
218,1942,April,The Eagles Gather,Joseph E. Kelleam,"Kelleam, Joseph E."
219,1942,April,Pig Trap,Malcolm Jameson,"Jameson, Malcolm"
220,1942,April,Time Pussy,George E. Dale,"Dale, George E."
221,1942,April,Some Curious Effects of Time Travel,L. Sprague de Camp,"de Camp, L. Sprague"
222,1942,May,Asylum,A. E. van Vogt,"van Vogt, A. E."
223,1942,May,Foundation,Isaac Asimov,"Asimov, Isaac"
224,1942,May,The Push of a Finger,Alfred Bester,"Bester, Alfred"
225,1942,May,"Beyond This Horizon, part 2 of 2",Anson MacDonald,"Heinlein, Robert A."
226,1942,May,Forever Is Not So Long,F. Anton Reeds,"Reeds, F. Anton"
227,1942,June,Heritage,Robert Abernathy,"Abernathy, Robert"
228,1942,June,Bridle and Saddle,Isaac Asimov,"Asimov, Isaac"
229,1942,June,My Name Is Legion,Lester del Rey,"del Rey, Lester"
230,1942,June,On Pain of Death,Robert Moore Williams,"Williams, Robert Moore"
231,1942,June,The Slaver,L. Ron Hubbard,"Hubbard, L. Ron"
232,1942,June,A Nose for News,Roby Wentz,"Wentz, Roby"
233,1942,June,Time Dredge,Robert Arthur,"Arthur, Robert"
234,1942,June,Mudman,M. Krulfeld,"Krulfeld, M."
235,1942,June,Proof,Hal Clement,"Clement, Hal"
236,1942,July,Penance Cruise,David V. Reed,"Reed, David V."
237,1942,July,Collision Orbit,Will Stewart,"Stewart, Will"
238,1942,July,Tools,Clifford D. Simak,"Simak, Clifford D."
239,1942,July,Secret Unattainable,A. E. van Vogt,"van Vogt, A. E."
240,1942,July,Space Can,L. Ron Hubbard,"Hubbard, L. Ron"
241,1942,July,Brimstone Bill,Malcolm Jameson,"Jameson, Malcolm"
242,1942,July,The Contraband Cow,L. Sprague de Camp,"de Camp, L. Sprague"
243,1942,July,De Gustibus,Randall Hale,"Hale, Randall"
244,1942,July,The Floater,Selden G. Thomas,"Thomas, Selden G."
245,1942,July,The Qwerty of Hrothgar,R. Creighton Buck,"Buck, R. Creighton"
246,1942,July,"Eat, Drink and Be Wary",Ray Bradbury,"Bradbury, Ray"
247,1942,July,That Mysterious Bomb Raid,Bob Tucker,"Tucker, Bob"
248,1942,July,"About Quarrels, About the Past","John Pierce, M.S.","John Pierce, M.S."
249,1942,July,The Strange Case of the Missing Hero,Frank Holby,"Holby, Frank"
250,1942,August,Waldo,Anson MacDonald,"Heinlein, Robert A."
251,1942,August,Impediment,Hal Clement,"Clement, Hal"
252,1942,August,Jackdaw,Ross Rocklynne,"Rocklynne, Ross"
253,1942,August,Kilgallen's Lunar Legacy,Norman L. Knight,"Knight, Norman L."
254,1942,August,The Link,Cleve Cartmill,"Cartmill, Cleve"
255,1942,August,Deadlock,Lewis Padgett,H Kuttner & CL Moore
256,1942,August,Time Marches On,Ted Carnell,"Carnell, Ted"
257,1942,August,Destiny and Uncle Louie,Joseph Gilbert,"Gilbert, Joseph"
258,1942,August,The Image of Annihilation,Jack Speer,"Speer, Jack"
259,1942,August,The Anecdote of the Negative Wugug,L. Sprague de Camp,"de Camp, L. Sprague"
260,1942,September,Nerves,Lester del Rey,"del Rey, Lester"
261,1942,September,The Barrier,Anthony Boucher,"Boucher, Anthony"
262,1942,September,With Flaming Swords,Cleve Cartmill,"Cartmill, Cleve"
263,1942,September,Starvation,Fredric Brown,"Brown, Fredric"
264,1942,September,The Twonky,Lewis Padgett,H Kuttner & CL Moore
265,1942,September,Pride,Malcolm Jameson,"Jameson, Malcolm"
266,1942,October,"Anachron, Inc.",Malcolm Jameson,"Jameson, Malcolm"
267,1942,October,QRM - Interplanetary,George O. Smith,"Smith, George O."
268,1942,October,Lunar Landing,Lester del Rey,"del Rey, Lester"
269,1942,October,Warriors' Age,Peter Risk,"Risk, Peter"
270,1942,October,The Wabbler,Murray Leinster,"Leinster, Murray"
271,1942,October,The Beast,L. Ron Hubbard,"Hubbard, L. Ron"
272,1942,October,The Second Solution,A. E. van Vogt,"van Vogt, A. E."
273,1942,November,Overthrow,Cleve Cartmill,"Cartmill, Cleve"
274,1942,November,Minus Sign,Will Stewart,"Stewart, Will"
275,1942,November,Four Little Ships,Murray Leinster,"Leinster, Murray"
276,1942,November,Sand,Colin Keith,"Keith, Colin"
277,1942,November,The Gentle Pirates,John Berryman,"Berryman, John"
278,1942,November,Not Only Dead Men,A. E. van Vogt,"van Vogt, A. E."
279,1942,November,Eureka!,Malcolm Jameson,"Jameson, Malcolm"
280,1942,November,The Green Sphere,Dennis Tucker,"Tucker, Dennis"
281,1942,November,Avenue of Escape,Hal Clement,"Clement, Hal"
282,1942,November,A Matter of Eclipses,P. Schuyler Miller,"Miller, P. Schuyler"
283,1942,November,The Sleep that Slaughtered,"Harry Warner, Jr.","Warner, Harry Jr."
284,1942,December,Some Day We'll Find You,Cleve Cartmill,"Cartmill, Cleve"
285,1942,December,Piggy Bank,Lewis Padgett,H Kuttner & CL Moore
286,1942,December,The Weapons Shop,A. E. van Vogt,"van Vogt, A. E."
287,1942,December,Interlude,Ross Rocklynne,"Rocklynne, Ross"
288,1942,December,Johnny Had a Gun,Robert Moore Williams,"Williams, Robert Moore"
289,1942,December,The Flight That Failed,E. Mayne Hull,"Hull, E. Mayne"
290,1942,December,To Follow Knowledge,Frank Belknap Long,"Long, Frank Belknap"
291,1942,December,My Word,Frank J. Smythe,"Smythe, Frank J."
292,1942,December,Take-Off,L. M. Jensen,"Jensen, L. M."
293,1942,December,Valadusia,Jack Bivins,"Bivins, Jack"
294,1942,December,True Fidelity,William M. Danner,"Danner, William M."
295,1942,December,The Human Bomb,Stanley Woolston,"Woolston, Stanley"
296,1942,December,"O'Ryan, the Invincible","T. D. Whitenack, Jr.","Whitenack, T. D. Jr."
297,1943,January,"Barrius, Imp",Malcolm Jameson,"Jameson, Malcolm"
298,1943,January,The Search,A. E. van Vogt,"van Vogt, A. E."
299,1943,January,Elsewhen,Anthony Boucher,"Boucher, Anthony"
300,1943,January,"Opposites - React!, part 1 of 2",Will Stewart,"Stewart, Will"
301,1943,January,Time Locker,Lewis Padgett,H Kuttner & CL Moore
302,1943,January,Nothing But Gingerbread Left,Henry Kuttner,"Kuttner, Henry"
303,1943,January,The Cave,P. Schuyler Miller,"Miller, P. Schuyler"
304,1943,January,Backfire,Ross Rocklynne,"Rocklynne, Ross"
305,1943,February,Mimsy Were the Borogoves,Lewis Padgett,H Kuttner & CL Moore
306,1943,February,"Opposites - React!, part 2 of 2",Will Stewart,"Stewart, Will"
307,1943,February,"The Weapon Makers, part 1 of 3",A. E. van Vogt,"van Vogt, A. E."
308,1943,February,Flight into Darkness,Webb Marlowe,"Marlowe, Webb"
309,1943,February,The Man in the Moon,Henry A. Norton,"Norton, Henry A."
310,1943,February,Blue Ice,Henry Kuttner,"Kuttner, Henry"
311,1943,February,Efficiency,Colin Keith,"Keith, Colin"
312,1943,February,Noise is Beautiful!,Fox B. Holden,"Holden, Fox B."
313,1943,February,The Anecdote of the Movable Ears,L. Sprague de Camp,"de Camp, L. Sprague"
314,1943,March,Shadow of Life,Clifford D. Simak,"Simak, Clifford D."
315,1943,March,Clash by Night,Lawrence O'Donnell,H Kuttner & CL Moore
316,1943,March,"The Weapon Makers, part 2 of 3",A. E. van Vogt,"van Vogt, A. E."
317,1943,March,Q. U. R.,H. H. Holmes,"Holmes, H. H."
318,1943,March,Shock,Lewis Padgett,H Kuttner & CL Moore
319,1943,April,Swimming Lesson,Raymond F. Jones,"Jones, Raymond F."
320,1943,April,Escape,Joseph Gilbert & Fred W. Fischer,"Fischer, Joseph Gilbert & Fred W."
321,1943,April,"The Weapon Makers, part 3 of 3",A. E. van Vogt,"van Vogt, A. E."
322,1943,April,Open Secret,Lewis Padgett,H Kuttner & CL Moore
323,1943,April,Abdication,E. Mayne Hull,"Hull, E. Mayne"
324,1943,April,Downfall,Malcolm Jameson,"Jameson, Malcolm"
325,1943,April,Camouflage,John Aiken,"Aiken, John"
326,1943,April,Corpus Delicti,Henry Kuttner,"Kuttner, Henry"
327,1943,April,Miraculous Fluid,Bob Tucker,"Tucker, Bob"
328,1943,April,A Snitch in Time,D. C. King,"King, D. C."
329,1943,April,Ultimate Opposition,Roscoe E. Wright,"Wright, Roscoe E."
330,1943,April,"Double, Double, Toil and Trouble",Nelson S. Bond,"Bond, Nelson S."
331,1943,May,Let's Disappear,Cleve Cartmill,"Cartmill, Cleve"
332,1943,May,"Gather, Darkness, part 1 of 3",Fritz Leiber,"Leiber, Fritz"
333,1943,May,Pacer,Raymond F. Jones,"Jones, Raymond F."
334,1943,May,Ghost,Henry Kuttner,"Kuttner, Henry"
335,1943,May,Fifth Freedom,John Alvarez,"Alvarez, John"
336,1943,June,The World Is Mine,Lewis Padgett,H Kuttner & CL Moore
337,1943,June,"Gather, Darkness, part 2 of 3",Fritz Leiber,"Leiber, Fritz"
338,1943,June,Pelagic Spark,Anthony Boucher,"Boucher, Anthony"
339,1943,June,Sanctuary,H. H. Holmes,"Holmes, H. H."
340,1943,June,Whom the Gods Love,Lester del Rey,"del Rey, Lester"
341,1943,June,Competition,E. Mayne Hull,"Hull, E. Mayne"
342,1943,June,Calling the Empress,George O. Smith,"Smith, George O."
343,1943,July,Hunch,Clifford D. Simak,"Simak, Clifford D."
344,1943,July,The Great Engine,A. E. van Vogt,"van Vogt, A. E."
345,1943,July,"Gather, Darkness, part 3 of 3",Fritz Leiber,"Leiber, Fritz"
346,1943,July,Unthinking Cap,John R. Pierce,"Pierce, John R."
347,1943,July,The Renegade,Marion Henry,"Henry, Marion"
348,1943,July,Gleeps,P. Schuyler Miller,"Miller, P. Schuyler"
349,1943,August,One-Way Trip,Anthony Boucher,"Boucher, Anthony"
350,1943,August,"Judgment Night, part 1 of 2",C. L. Moore,"Moore, C. L."
351,1943,August,When Is When?,Malcolm Jameson,"Jameson, Malcolm"
352,1943,August,Endowment Policy,Lewis Padgett,H Kuttner & CL Moore
353,1943,August,The Mutant's Brother,Fritz Leiber,"Leiber, Fritz"
354,1943,August,M 33 in Andromeda,A. E. van Vogt,"van Vogt, A. E."
355,1943,September,Attitude,Hal Clement,"Clement, Hal"
356,1943,September,"Judgment Night, part 1 of 2",C. L. Moore,"Moore, C. L."
357,1943,September,Concealment,A. E. van Vogt,"van Vogt, A. E."
358,1943,September,Doodad,Ray Bradbury,"Bradbury, Ray"
359,1943,September,Robinc,H. H. Holmes,"Holmes, H. H."
360,1943,September,Finance,David Charles,"Charles, David"
361,1943,September,You Said It!,Charles Ben Davis,"Davis, Charles Ben"
362,1943,September,Y equals Sin X,Harold Wooster,"Wooster, Harold"
363,1943,September,Universal Solvent,Clayton James MacBeth,"MacBeth, Clayton James"
364,1943,September,Der Fuehrer's Base,George O. Smith,"Smith, George O."
365,1943,September,And Watch the Fountains,Ray Bradbury,"Bradbury, Ray"
366,1943,October,Fifty Million Monkeys,Raymond F. Jones,"Jones, Raymond F."
367,1943,October,Symbiotica,Eric Frank Russell,"Russell, Eric Frank"
368,1943,October,The Proud Robot,Lewis Padgett,H Kuttner & CL Moore
369,1943,October,The Storm,A. E. van Vogt,"van Vogt, A. E."
370,1943,October,Tidal Waves,Malcolm Jameson,"Jameson, Malcolm"
371,1943,October,Willie,Frank Belknap Long,"Long, Frank Belknap"
372,1943,October,Paradox Lost,Fredric Brown,"Brown, Fredric"
373,1943,November,Gallegher Plus,Lewis Padgett,H Kuttner & CL Moore
374,1943,November,The Beast,A. E. van Vogt,"van Vogt, A. E."
375,1943,November,Recoil,George O. Smith,"Smith, George O."
376,1943,November,"""... If You Can Get It""",Murray Leinster,"Leinster, Murray"
377,1943,November,Death Sentence,Isaac Asimov,"Asimov, Isaac"
378,1943,December,The Debt,E. Mayne Hull,"Hull, E. Mayne"
379,1943,December,We Print the Truth,Anthony Boucher,"Boucher, Anthony"
380,1943,December,Lost Art,George O. Smith,"Smith, George O."
381,1943,December,Fricassee in Four Dimensions,P. Schuyler Miller,"Miller, P. Schuyler"
382,1943,December,The Iron Standard,Lewis Padgett,H Kuttner & CL Moore
383,1944,January,The Leech,Malcolm Jameson,"Jameson, Malcolm"
384,1944,January,Technical Error,Hal Clement,"Clement, Hal"
385,1944,January,Ogre,Clifford D. Simak,"Simak, Clifford D."
386,1944,January,Alias the Living,Frank B. Long,"Long, Frank Belknap"
387,1944,January,Far Centaurus,A. E. van Vogt,"van Vogt, A. E."
388,1944,January,As Never Was,P. Schuyler Miller,"Miller, P. Schuyler"
389,1944,February,The Anarch,Malcolm Jameson,"Jameson, Malcolm"
390,1944,February,Plague,Murray Leinster,"Leinster, Murray"
391,1944,February,Off the Beam,George O. Smith,"Smith, George O."
392,1944,February,Taboo,Fritz Leiber,"Leiber, Fritz"
393,1944,February,Catch That Rabbit,Isaac Asimov,"Asimov, Isaac"
394,1944,February,Though Dreamers Die,Lester del Rey,"del Rey, Lester"
395,1944,March,Circle of Confusion,Wesley Long,"Long, Wesley"
396,1944,March,The Contract,E. Mayne Hull,"Hull, E. Mayne"
397,1944,March,The Children's Hour,Lawrence O'Donnell,H Kuttner & CL Moore
398,1944,March,Deadline,Cleve Cartmill,"Cartmill, Cleve"
399,1944,March,Controller,Eric Frank Russell,"Russell, Eric Frank"
400,1944,March,The Rulers,A. E. van Vogt,"van Vogt, A. E."
401,1944,April,The Bureaucrat,Malcolm Jameson,"Jameson, Malcolm"
402,1944,April,Invariant,John R. Pierce,"Pierce, John R."
403,1944,April,Sanity,Fritz Leiber,"Leiber, Fritz"
404,1944,April,The Changeling,A. E. van Vogt,"van Vogt, A. E."
405,1944,April,The Long Way,George O. Smith,"Smith, George O."
406,1944,April,Lobby,Clifford D. Simak,"Simak, Clifford D."
407,1944,May,Latent Image,Wesley Long,"Long, Wesley"
408,1944,May,Cuckoo,P. Schuyler Miller,"Miller, P. Schuyler"
409,1944,May,City,Clifford D. Simak,"Simak, Clifford D."
410,1944,May,"The Winged Man, part 1 of 2",E. Mayne Hull,"Hull, E. Mayne"
411,1944,May,"""This Means War!""",A. Bertram Chandler,"Chandler, A. Bertram"
412,1944,May,House of Tomorrow,Roby Wentz,"Wentz, Roby"
413,1944,May,The Yehudi Principle,Fredric Brown,"Brown, Fredric"
414,1944,May,Environment,Chester S. Geier,"Geier, Chester S."
415,1944,June,Trog,Murray Leinster,"Leinster, Murray"
416,1944,June,Arena,Fredric Brown,"Brown, Fredric"
417,1944,June,"The Winged Man, part 2 of 2",E. Mayne Hull,"Hull, E. Mayne"
418,1944,June,Boomerang,Harry Walton,"Walton, Harry"
419,1944,June,Trojan Fall,Hal Clement,"Clement, Hal"
420,1944,July,"Renaissance, part 1 of 4",Raymond F. Jones,"Jones, Raymond F."
421,1944,July,Thought,Fritz Leiber,"Leiber, Fritz"
422,1944,July,Utility,David Anderson,"Anderson, David"
423,1944,July,Huddling Place,Clifford D. Simak,"Simak, Clifford D."
424,1944,August,Bridgehead,Frank Belknap Long,"Long, Frank Belknap"
425,1944,August,The Big and the Little,Isaac Asimov,"Asimov, Isaac"
426,1944,August,"Renaissance, part 2 of 4",Raymond F. Jones,"Jones, Raymond F."
427,1944,August,Juggernaut,A. E. van Vogt,"van Vogt, A. E."
428,1944,September,Census,Clifford D. Simak,"Simak, Clifford D."
429,1944,September,Culture,Jerry Shelton,"Shelton, Jerry"
430,1944,September,"Renaissance, part 3 of 4",Raymond F. Jones,"Jones, Raymond F."
431,1944,September,Hobo God,Malcolm Jameson,"Jameson, Malcolm"
432,1944,September,A Can of Paint,A. E. van Vogt,"van Vogt, A. E."
433,1944,September,Business of Killing,Fritz Leiber,"Leiber, Fritz"
434,1944,October,Blind Man's Buff,Malcolm Jameson,"Jameson, Malcolm"
435,1944,October,Beam Pirate,George O. Smith,"Smith, George O."
436,1944,October,"Renaissance, part 4 of 4",Raymond F. Jones,"Jones, Raymond F."
437,1944,October,The Case of Jack Freysling,Thomas Calvert McClary,"McClary, Thomas Calvert"
438,1944,October,Kindness,Lester del Rey,"del Rey, Lester"
439,1944,October,The Wedge,Isaac Asimov,"Asimov, Isaac"
440,1944,November,Killdozer!,Theodore Sturgeon,"Sturgeon, Theodore"
441,1944,November,Redevelopment,Wesley Long,"Long, Wesley"
442,1944,November,When the Bough Breaks,Lewis Padgett,H Kuttner & CL Moore
443,1944,November,Desertion,Clifford D. Simak,"Simak, Clifford D."
444,1944,November,Alien Envoy,Malcolm Jameson,"Jameson, Malcolm"
445,1944,November,The Harmonizer,A. E. van Vogt,"van Vogt, A. E."
446,1944,December,The Firing Line,George O. Smith,"Smith, George O."
447,1944,December,No Woman Born,C. L. Moore,"Moore, C. L."
448,1944,December,"Nomad, part 1 of 2",Wesley Long,"Long, Wesley"
449,1944,December,Tricky Tonnage,Malcolm Jameson,"Jameson, Malcolm"
450,1944,December,Applesauce,George W. Hall,"Hall, George W."
451,1944,December,Agricultural Geology,George Holman,"Holman, George"
452,1944,December,That's a Lot of Hot Air!,Francis Wilson Powell,"Powell, Francis Wilson"
453,1945,January,Enter the Professor,E. Mayne Hull,"Hull, E. Mayne"
454,1945,January,The Mixed Men,A. E. van Vogt,"van Vogt, A. E."
455,1945,January,The Waveries,Fredric Brown,"Brown, Fredric"
456,1945,January,The Canal Builders,Robert Abernathy,"Abernathy, Robert"
457,1945,February,The Piper's Son,Lewis Padgett,H Kuttner & CL Moore
458,1945,February,"Nomad, part 2 of 2",Wesley Long,"Long, Wesley"
459,1945,February,Wanted - An Enemy,Fritz Leiber,"Leiber, Fritz"
460,1945,February,Lilies of Life,Malcolm Jameson,"Jameson, Malcolm"
461,1945,March,Special Delivery,George O. Smith,"Smith, George O."
462,1945,March,"Destiny Times Three, part 1 of 2",Fritz Leiber,"Leiber, Fritz"
463,1945,March,When the Rockets Come,Robert Abernathy,"Abernathy, Robert"
464,1945,March,Alter Ego,A. Bertram Chandler,"Chandler, A. Bertram"
465,1945,March,Blind Alley,Isaac Asimov,"Asimov, Isaac"
466,1945,March,Filch,Frank Belknap Long,"Long, Frank Belknap"
467,1945,April,Dead Hand,Isaac Asimov,"Asimov, Isaac"
468,1945,April,"Destiny Times Three, part 2 of 2",Fritz Leiber,"Leiber, Fritz"
469,1945,April,Brains for Bricks,Malcolm Jameson,"Jameson, Malcolm"
470,1945,April,Correspondence Course,Raymond F. Jones,"Jones, Raymond F."
471,1945,April,Vocation,George O. Smith,"Smith, George O."
472,1945,May,The Fixer,Wesley Long,"Long, Wesley"
473,1945,May,First Contact,Murray Leinster,"Leinster, Murray"
474,1945,May,The Purpose,A. E. van Vogt,"van Vogt, A. E."
475,1945,May,The One-Eyed Man,Philip St. John,"St. John, Philip"
476,1945,May,The Trap,Frank Belknap Long,"Long, Frank Belknap"
477,1945,June,The Golden Journey,A. Bertram Chandler,"Chandler, A. Bertram"
478,1945,June,Three Blind Mice,Lewis Padgett,H Kuttner & CL Moore
479,1945,June,Pandora's Millions,George O. Smith,"Smith, George O."
480,1945,June,The Ethical Equations,Murray Leinster,"Leinster, Murray"
481,1945,June,Heir Apparent,A. E. van Vogt,"van Vogt, A. E."
482,1945,June,Schedule,Harry Walton,"Walton, Harry"
483,1945,July,The Last Outpost,Ross Rocklynne,"Rocklynne, Ross"
484,1945,July,The Code,Lawrence O'Donnell,H Kuttner & CL Moore
485,1945,July,The Lion and the Unicorn,Lewis Padgett,H Kuttner & CL Moore
486,1945,July,Resonance,Eric Frank Russell,"Russell, Eric Frank"
487,1945,July,Disappearance,Chester S. Geier,"Geier, Chester S."
488,1945,July,Tight Place,Murray Leinster,"Leinster, Murray"
489,1945,August,Gift Horse,Ross Rocklynne,"Rocklynne, Ross"
490,1945,August,"World of Null-A, part 1 of 3",A. E. van Vogt,"van Vogt, A. E."
491,1945,August,Into Thy Hands,Lester del Rey,"del Rey, Lester"
492,1945,August,Pipeline to Pluto,Murray Leinster,"Leinster, Murray"
493,1945,August,Paradoxical Escape,Isaac Asimov,"Asimov, Isaac"
494,1945,September,Camouflage,Lewis Padgett,H Kuttner & CL Moore
495,1945,September,"World of Null-A, part 2 of 3",A. E. van Vogt,"van Vogt, A. E."
496,1945,September,The Infidel,Ross Rocklynne,"Rocklynne, Ross"
497,1945,September,Uncommon Sense,Hal Clement,"Clement, Hal"
498,1945,September,The Power,Murray Leinster,"Leinster, Murray"
499,1945,September,The Deadly Host,Raymond F. Jones,"Jones, Raymond F."
500,1945,October,Giant Killer,A. Bertram Chandler,"Chandler, A. Bertram"
501,1945,October,"World of Null-A, part 3 of 3",A. E. van Vogt,"van Vogt, A. E."
502,1945,October,Interference,Murray Leinster,"Leinster, Murray"
503,1945,October,What You Need,Lewis Padgett,H Kuttner & CL Moore
504,1945,November,By Yon Bonnie Banks,Geoff St. Reynard,"St. Reynard, Geoff"
505,1945,November,Identity,George O. Smith,"Smith, George O."
506,1945,November,"The Mule, part 1 of 2",Isaac Asimov,"Asimov, Isaac"
507,1945,November,Line to Tomorrow,Lewis Padgett,H Kuttner & CL Moore
508,1945,November,The Critters,Frank Belknap Long,"Long, Frank Belknap"
509,1945,December,Trouble Times Two,George O. Smith,"Smith, George O."
510,1945,December,Beggars in Velvet,Lewis Padgett,H Kuttner & CL Moore
511,1945,December,"The Mule, part 2 of 2",Isaac Asimov,"Asimov, Isaac"
512,1946,January,Fine Feathers,George O. Smith,"Smith, George O."
513,1946,January,Veiled Island,Emmett McDowell,"McDowell, Emmett"
514,1946,January,"The Fairy Chessmen, part 1 of 2",Lewis Padgett,H Kuttner & CL Moore
515,1946,January,A Matter of Length,Ross Rocklynne,"Rocklynne, Ross"
516,1946,January,N Day,Philip Latham,"Latham, Philip"
517,1946,January,The Plants,Murray Leinster,"Leinster, Murray"
518,1946,February,Special Knowledge,A. Bertram Chandler,"Chandler, A. Bertram"
519,1946,February,"The Fairy Chessmen, part 2 of 2",Lewis Padgett,H Kuttner & CL Moore
520,1946,February,This Is the House,Lawrence O'Donnell,H Kuttner & CL Moore
521,1946,March,Lady Dog,A. Bertram Chandler,"Chandler, A. Bertram"
522,1946,March,Depth,G. N. Howard,"Howard, G. N."
523,1946,March,We Kill People,Lewis Padgett,H Kuttner & CL Moore
524,1946,March,"Pattern for Conquest, part 1 of 3",George O. Smith,"Smith, George O."
525,1946,March,Adapter,Murray Leinster,"Leinster, Murray"
526,1946,March,A Logic Named Joe,Will F. Jenkins,"Jenkins, Will F."
527,1946,March,A Guest in the House,Frank Belknap Long,"Long, Frank Belknap"
528,1946,April,Swamper,Jerry Shelton,"Shelton, Jerry"
529,1946,April,Black Market,Raymond F. Jones,"Jones, Raymond F."
530,1946,April,"Pattern for Conquest, part 2 of 3",George O. Smith,"Smith, George O."
531,1946,April,Memorial,Theodore Sturgeon,"Sturgeon, Theodore"
532,1946,April,Loophole,Arthur C. Clarke,"Clarke, Arthur C."
533,1946,May,The Nightmare,Chan Davis,"Davis, Chandler"
534,1946,May,Rescue Party,Arthur C. Clarke,"Clarke, Arthur C."
535,1946,May,"Pattern for Conquest, part 3 of 3",George O. Smith,"Smith, George O."
536,1946,May,Placet is a Crazy Place,Fredric Brown,"Brown, Fredric"
537,1946,May,The Cure,Lewis Padgett,H Kuttner & CL Moore
538,1946,May,A Son Is Born,A. E. van Vogt,"van Vogt, A. E."
539,1946,May,Alexander the Bait,William Tenn,"Tenn, William"
540,1946,June,The Chromium Helmet,Theodore Sturgeon,"Sturgeon, Theodore"
541,1946,June,Forecast,Raymond F. Jones,"Jones, Raymond F."
542,1946,June,The Bottled Men,Ross Rocklynne,"Rocklynne, Ross"
543,1946,June,Paradise,Clifford D. Simak,"Simak, Clifford D."
544,1946,June,The Chronokinesis of Jonathan Hull,Anthony Boucher,"Boucher, Anthony"
545,1946,July,Trouble,George O. Smith,"Smith, George O."
546,1946,July,Cold Front,Hal Clement,"Clement, Hal"
547,1946,July,The Blindness,Philip Latham,"Latham, Philip"
548,1946,July,Stability,A. Bertram Chandler,"Chandler, A. Bertram"
549,1946,July,Rain Check,Lewis Padgett,H Kuttner & CL Moore
550,1946,July,Film Library,A. E. van Vogt,"van Vogt, A. E."
551,1946,August,The Last Objective,Paul A. Carter,"Carter, Paul A."
552,1946,August,Child of the Gods,A. E. van Vogt,"van Vogt, A. E."
553,1946,August,Bankruptcy Proceedings,E. Mayne Hull,"Hull, E. Mayne"
554,1946,August,"Slaves Of The Lamp, part 1 of 2",Arthur Leo Zagat,"Zagat, Arthur Leo"
555,1946,August,The Cat and the King,Raymond F. Jones,"Jones, Raymond F."
556,1946,September,Vintage Season,Lawrence O'Donnell,H Kuttner & CL Moore
557,1946,September,The Toymaker,Raymond F. Jones,"Jones, Raymond F."
558,1946,September,"Slaves Of The Lamp, part 2 of 2",Arthur Leo Zagat,"Zagat, Arthur Leo"
559,1946,September,Meihem in Ce Klasrum,Dolton Edwards,"Edwards, Dolton"
560,1946,September,Blind Time,George O. Smith,"Smith, George O."
561,1946,September,Evidence,Isaac Asimov,"Asimov, Isaac"
562,1946,October,Chaos Co-Ordinated,John MacDougal,"MacDougal, John"
563,1946,October,False Dawn,A. Bertram Chandler,"Chandler, A. Bertram"
564,1946,October,Assumption Unjustified,Hal Clement,"Clement, Hal"
565,1946,October,"The Chronicler, part 1 of 2",A. E. van Vogt,"van Vogt, A. E."
566,1946,October,Alien,George O. Smith,"Smith, George O."
567,1946,October,To Still The Drums,Chan Davis,"Davis, Chandler"
568,1946,November,Hobbies,Clifford D. Simak,"Simak, Clifford D."
569,1946,November,Mewhu's Jet,Theodore Sturgeon,"Sturgeon, Theodore"
570,1946,November,"The Chronicler, part 2 of 2",A. E. van Vogt,"van Vogt, A. E."
571,1946,November,The Unforeseen,Mark Champion,"Champion, Mark"
572,1946,November,Tower of Darkness,A. Bertram Chandler,"Chandler, A. Bertram"
573,1946,December,For the Public,Bernard I. Kahn,"Kahn, Bernard I."
574,1946,December,Hand of the Gods,A. E. van Vogt,"van Vogt, A. E."
575,1946,December,Metamorphosite,Eric Frank Russell,"Russell, Eric Frank"
576,1946,December,The Impossible Pirate,George O. Smith,"Smith, George O."
577,1946,December,Time Enough,Lewis Padgett,H Kuttner & CL Moore
578,1947,January,The Undamned,George O. Smith,"Smith, George O."
579,1947,January,Command,Bernard I. Kahn,"Kahn, Bernard I."
580,1947,January,"Tomorrow And Tomorrow, part 1 of 2",Lewis Padgett,H Kuttner & CL Moore
581,1947,January,Sinecure 6,Horace B. Fyfe,"Fyfe, H. B. "
582,1947,January,Bad Patch,A. Bertram Chandler,"Chandler, A. Bertram"
583,1947,January,Time to Die,Murray Leinster,"Leinster, Murray"
584,1947,January,Housing Shortage,Harry Walton,"Walton, Harry"
585,1947,February,Maturity,Theodore Sturgeon,"Sturgeon, Theodore"
586,1947,February,"Tomorrow And Tomorrow, part 2 of 2",Lewis Padgett,H Kuttner & CL Moore
587,1947,February,Eye to the Future,Ree Dragonette,"Dragonette, Ree"
588,1947,February,The Answer,George O. Smith,"Smith, George O."
589,1947,February,The Timid Tiger,Eric Frank Russell,"Russell, Eric Frank"
590,1947,February,Pete Can Fix It,Raymond F. Jones,"Jones, Raymond F."
591,1947,March,Child's Play,William Tenn,"Tenn, William"
592,1947,March,The Equalizer,Jack Williamson,"Williamson, Jack"
593,1947,March,Tomorrow's Children,Poul Anderson & F. N. Waldrop,"Waldrop, Poul Anderson & F. N."
594,1947,March,Turning Point,Pendleton Banks,"Banks, Pendleton"
595,1947,March,Little Lost Robot,Isaac Asimov,"Asimov, Isaac"
596,1947,April,An Enemy of Knowledge,A. M. Phillips,"Phillips, A. M."
597,1947,April,Home of the Gods,A. E. van Vogt,"van Vogt, A. E."
598,1947,April,Psych's War,"O. W. Hopkinson, Jr.","Hopkinson, O. W. Jr."
599,1947,April,Answer,Hal Clement,"Clement, Hal"
600,1947,April,Time and Time Again,H. Beam Piper,"Piper, H. Beam"
601,1947,April,Project,Lewis Padgett,H Kuttner & CL Moore
602,1947,May,E for Effort,T. L. Sherred,"Sherred, T. L."
603,1947,May,Jesting Pilot,Lewis Padgett,H Kuttner & CL Moore
604,1947,May,Tiny and the Monster,Theodore Sturgeon,"Sturgeon, Theodore"
605,1947,May,"Fury, part 1 of 3",Lawrence O'Donnell,H Kuttner & CL Moore
606,1947,May,The Journey and the Goal,Chan Davis,"Davis, Chandler"
607,1947,June,Centaurus II,A. E. van Vogt,"van Vogt, A. E."
608,1947,June,"Fury, part 2 of 3",Lawrence O'Donnell,H Kuttner & CL Moore
609,1947,June,Letter to Ellen,Chandler Davis,"Davis, Chandler"
610,1947,June,Errand Boy,William Tenn,"Tenn, William"
611,1947,June,The Model Shop,Raymond F. Jones,"Jones, Raymond F."
612,1947,July,Chain of Logic,Poul Anderson,"Anderson, Poul"
613,1947,July,With Folded Hands...,Jack Williamson,"Williamson, Jack"
614,1947,July,"Fury, part 3 of 3",Lawrence O'Donnell,H Kuttner & CL Moore
615,1947,July,The Figure,Edward Grendon,"Grendon, Edward"
616,1947,August,"Insomnia, Inc.",Harry Walton,"Walton, Harry"
617,1947,August,The Person from Porlock,Raymond F. Jones,"Jones, Raymond F."
618,1947,August,"The End Is Not Yet, part 1 of 3",L. Ron Hubbard,"Hubbard, L. Ron"
619,1947,August,Rat Race,George O. Smith,"Smith, George O."
620,1947,August,Propagandist,Murray Leinster,"Leinster, Murray"
621,1947,September,Meddler's Moon,George O. Smith,"Smith, George O."
622,1947,September,Hobbyist,Eric Frank Russell,"Russell, Eric Frank"
623,1947,September,"The End Is Not Yet, part 2 of 3",L. Ron Hubbard,"Hubbard, L. Ron"
624,1947,September,Conquest,O. W. Hopkinson,"Hopkinson, O. W."
625,1947,September,I'll Build Your Dream Castle,Jack Vance,"Vance, Jack"
626,1947,September,The Thing on Outer Shoal,P. Schuyler Miller,"Miller, P. Schuyler"
627,1947,October,Problem in Solid,George O. Smith,"Smith, George O."
628,1947,October,Old Doc Methuselah,René Lafayette,"Hubbard, L. Ron"
629,1947,October,"The End Is Not Yet, part 3 of 3",L. Ron Hubbard,"Hubbard, L. Ron"
630,1947,October,Target,Peter Cartur,"Cartur, Peter"
631,1947,October,Collector's Item,Frank Belknap Long,"Long, Frank Belknap"
632,1947,November,Margin for Error,Lewis Padgett,H Kuttner & CL Moore
633,1947,November,"Children of the Lens, part 1 of 4",E. E. Smith,"Smith, E. E."
634,1947,November,Boomerang,Eric Tinde,"Tinde, Eric"
635,1947,November,The Expensive Slaves,René Lafayette,"Hubbard, L. Ron"
636,1947,November,Thunder and Roses,Theodore Sturgeon,"Sturgeon, Theodore"
637,1947,December,Aesop,Clifford D. Simak,"Simak, Clifford D."
638,1947,December,The Barbarian,A. E. van Vogt,"van Vogt, A. E."
639,1947,December,"Children of the Lens, part 2 of 4",E. E. Smith,"Smith, E. E."
640,1947,December,Age of Unreason,"Alfred Coppel, Jr.","Coppel, Alfred Jr."
641,1947,December,The Dreamers,Michael Yamin,"Yamin, Michael"
642,1948,January,Now You See It...,Isaac Asimov,"Asimov, Isaac"
643,1948,January,"Children of the Lens, part 3 of 4",E. E. Smith,"Smith, E. E."
644,1948,January,The Helping Hand,Burt MacFadyen,"MacFadyen, Burt"
645,1948,January,Advent,William L. Bade,"Bade, William L."
646,1948,February,New Lives for Old,William L. Bade,"Bade, William L."
647,1948,February,"Children of the Lens, part 4 of 4",E. E. Smith,"Smith, E. E."
648,1948,February,Cosmetics,John D. MacDonald,"MacDonald, John D."
649,1948,February,There Is No Defense,Theodore Sturgeon,"Sturgeon, Theodore"
650,1948,March,West Wind,Murray Leinster,"Leinster, Murray"
651,1948,March,"...And Searching Mind, part 1 of 3",Jack Williamson,"Williamson, Jack"
652,1948,March,The Incredible Invasion,George O. Smith,"Smith, George O."
653,1948,March,Film of Death,J. Scott Campbell,"Campbell, J. Scott"
654,1948,March,Her Majesty's Aberration,L. Ron Hubbard,"Hubbard, L. Ron"
655,1948,March,The Endochronic Properties of Resublimated Thiotimoline,Isaac Asimov,"Asimov, Isaac"
656,1948,April,Ex Machina,Lewis Padgett,H Kuttner & CL Moore
657,1948,April,He Walked Around the Horses,H. Beam Piper,"Piper, H. Beam"
658,1948,April,"...And Searching Mind, part 2 of 3",Jack Williamson,"Williamson, Jack"
659,1948,April,New Wings,A. Bertram Chandler,"Chandler, A. Bertram"
660,1948,April,The House Dutiful,William Tenn,"Tenn, William"
661,1948,May,The Rull,A.E. Van Vogt,"van Vogt, A. E."
662,1948,May,The Strange Case of John Kingman,Murray Leinster,"Leinster, Murray"
663,1948,May,The Obsolete Weapon,L. Ron Hubbard,"Hubbard, L. Ron"
664,1948,May,The Mechanical Answer,John D. MacDonald,"MacDonald, John D."
665,1948,May,"...And Searching Mind, part 3 of 3",Jack Williamson,"Williamson, Jack"
666,1948,June,War of Intangibles,Erik Fennel,"Fennel, Erik"
667,1948,June,"Dreadful Sanctuary, part 1 of 3",Eric Frank Russell,"Russell, Eric Frank"
668,1948,June,That Only a Mother,Judith Merril,"Merril, Judith"
669,1948,June,No Connection,Isaac Asimov,"Asimov, Isaac"
670,1948,July,Police Operation,H. Beam Piper,"Piper, H. Beam"
671,1948,July,"Dreadful Sanctuary, part 2 of 3",Eric Frank Russell,"Russell, Eric Frank"
672,1948,July,Decision Illogical,Neal B. Wilkinson,"Wilkinson, Neal B."
673,1948,July,Burning Bright,John S. Browning,"Browning, John S."
674,1948,August,Time Trap,Charles L. Harness,"Harness, Charles L."
675,1948,August,"Dreadful Sanctuary, part 3 of 3",Eric Frank Russell,"Russell, Eric Frank"
676,1948,August,Dawn of Nothing,A. Bertram Chandler,"Chandler, A. Bertram"
677,1948,August,Smaller Than You Think,Kenneth Gray,"Gray, Kenneth"
678,1948,August,The Monster,A. E. van Vogt,"van Vogt, A. E."
679,1948,September,The Great Air Monopoly,René Lafayette,"Hubbard, L. Ron"
680,1948,September,The Catspaw,George O. Smith,"Smith, George O."
681,1948,September,The Gorgons,Mack Chapman Lea,"Lea, Mack Chapman"
682,1948,September,Dance of a New World,John D. MacDonald,"MacDonald, John D."
683,1948,September,Dreams Are Sacred,Peter Phillips,"Phillips, Peter"
684,1948,September,Inheritance,Charles Willis,"Willis, Charles"
685,1948,October,Unite and Conquer,Theodore Sturgeon,"Sturgeon, Theodore"
686,1948,October,"Players of Null-A, part 1 of 4",A. E. van Vogt,"van Vogt, A. E."
687,1948,October,The Hero,Joseph Farrell,"Farrell, Joseph"
688,1948,October,School for the Stars,John D. MacDonald,"MacDonald, John D."
689,1948,October,Muten,Duncan H. Munro,"Munro, Duncan H."
690,1948,October,Tiger Ride,James Blish & Damon Knight,"Knight, James Blish & Damon"
691,1948,November,Expedition Mercy,"J. A. Winter, M.D.","J. A. Winter, M.D."
692,1948,November,In Hiding,Wilmar H. Shiras,"Shiras, Wilmar H."
693,1948,November,"Players of Null-A, part 2 of 4",A. E. van Vogt,"van Vogt, A. E."
694,1948,November,The Love of Heaven,Theodore Sturgeon,"Sturgeon, Theodore"
695,1948,November,Period Piece,J. J. Coupling,"Coupling, J. J."
696,1948,December,Genius,Poul Anderson,"Anderson, Poul"
697,1948,December,Late Night Final,Eric Frank Russell,"Russell, Eric Frank"
698,1948,December,"Players of Null-A, part 3 of 4",A. E. van Vogt,"van Vogt, A. E."
699,1948,December,Bureau of Slick Tricks,H. B. Fyfe,"Fyfe, H. B."
700,1949,January,Private Eye,Lewis Padgett,H Kuttner & CL Moore
701,1949,January,The Red Queen's Race,Isaac Asimov,"Asimov, Isaac"
702,1949,January,Expedition Polychrome,"J. A. Winter, M.D.","J. A. Winter, M.D."
703,1949,January,"Players of Null-A, part 4 of 4",A. E. van Vogt,"van Vogt, A. E."
704,1949,January,How Can You Lose?,W. Macfarlane,"Macfarlane, W."
705,1949,January,Death Is the Penalty,Judith Merril,"Merril, Judith"
706,1949,February,The Prisoner in the Skull,Lewis Padgett,H Kuttner & CL Moore
707,1949,February,Manna,Peter Phillips,"Phillips, Peter"
708,1949,February,"Seetee Shock, part 1 of 3",Will Stewart,"Stewart, Will"
709,1949,February,Next Friday Morning,D. W. Meredith,"Meredith, D. W."
710,1949,February,A Present from Joe,Eric Frank Russell,"Russell, Eric Frank"
711,1949,February,Christmas Tree,Christopher Youd,"Youd, Christopher"
712,1949,March,Customs Declaration,Rex Graham,"Graham, Rex"
713,1949,March,Opening Doors,Wilmar H. Shiras,"Shiras, Wilmar H."
714,1949,March,Throwback,L. Sprague de Camp,"de Camp, L. Sprague"
715,1949,March,"Seetee Shock, part 2 of 3",Will Stewart,"Stewart, Will"
716,1949,March,The Glass Eye,Eric Frank Russell,"Russell, Eric Frank"
717,1949,March,Fireproof,Hal Clement,"Clement, Hal"
718,1949,April,Colonial,Christopher Youd,"Youd, Christopher"
719,1949,April,The Undecided,Eric Frank Russell,"Russell, Eric Frank"
720,1949,April,Plague,René Lafayette,"Hubbard, L. Ron"
721,1949,April,"Seetee Shock, part 3 of 3",Will Stewart,"Stewart, Will"
722,1949,April,Devious Weapon,M. C. Pease,"Pease, M. C."
723,1949,April,Prodigy,Theodore Sturgeon,"Sturgeon, Theodore"
724,1949,May,Lost Ulysses,William L. Bade,"Bade, William L."
725,1949,May,Mother Earth,Isaac Asimov,"Asimov, Isaac"
726,1949,May,"Needle, part 1 of 2",Hal Clement,"Clement, Hal"
727,1949,May,Prophecy,Poul Anderson,"Anderson, Poul"
728,1949,May,The Conroy Diary,René Lafayette,"Hubbard, L. Ron"
729,1949,June,A Sound Investment,René Lafayette,"Hubbard, L. Ron"
730,1949,June,The Green Forest,A. E. van Vogt,"van Vogt, A. E."
731,1949,June,"Needle, part 2 of 2",Hal Clement,"Clement, Hal"
732,1949,June,Entity,Poul Anderson & John Gergen,"Gergen, Poul Anderson & John"
733,1949,June,To Watch the Watchers,W. Macfarlane,"Macfarlane, W."
734,1949,June,The Aphrodite Project,Philip Latham,"Latham, Philip"
735,1949,June,Minority Report,Theodore Sturgeon,"Sturgeon, Theodore"
736,1949,July,Eternity Lost,Clifford D. Simak,"Simak, Clifford D."
737,1949,July,Agent of Vega,James H. Schmitz,"Schmitz, James H."
738,1949,July,Convergence to Death,M. C. Pease,"Pease, M. C."
739,1949,July,Secret Weapon,Alfred Coppel,"Coppel, Alfred"
740,1949,July,Trip One,Edward Grendon,"Grendon, Edward"
741,1949,July,Adaptation,John Beynon,"Beynon, John"
742,1949,July,The Animal-Cracker Plot,L. Sprague de Camp,"de Camp, L. Sprague"
743,1949,August,P-Plus,Peter Phillips,"Phillips, Peter"
744,1949,August,Trojan Horse Laugh,John D. MacDonald,"MacDonald, John D."
745,1949,August,"The Queen of Zamba, part 1 of 2",L. Sprague de Camp,"de Camp, L. Sprague"
746,1949,August,Letter to a Phoenix,Fredric Brown,"Brown, Fredric"
747,1949,August,A Matter of Matter,L. Ron Hubbard,"Hubbard, L. Ron"
748,1949,September,Special Jobbery,H. B. Fyfe,"Fyfe, H. B."
749,1949,September,The Double-Dyed Villains,Poul Anderson,"Anderson, Poul"
750,1949,September,"The Queen of Zamba, part 2 of 2",L. Sprague de Camp,"de Camp, L. Sprague"
751,1949,September,Hide and Seek,Arthur C. Clarke,"Clarke, Arthur C."
752,1949,October,The Automagic Horse,L. Ron Hubbard,"Hubbard, L. Ron"
753,1949,October,Time Heals,Poul Anderson,"Anderson, Poul"
754,1949,October,The Aristocrat,Chan Davis,"Davis, Chandler"
755,1949,October,The Finan-seer,E. L. Locke,"Locke, E. L."
756,1949,October,Cold War,Kris Neville,"Neville, Kris"
757,1949,October,Defense Mechanism,Katherine MacLean,"MacLean, Katherine"
758,1949,October,Production Test,Raymond F. Jones,"Jones, Raymond F."
759,1949,November,What Dead Men Tell,Theodore Sturgeon,"Sturgeon, Theodore"
760,1949,November,"...And Now You Don't, part 1 of 3",Isaac Asimov,"Asimov, Isaac"
761,1949,November,"Gulf, part 1 of 2",Robert A. Heinlein,"Heinlein, Robert A."
762,1949,November,Over the Top,Lester del Rey,"del Rey, Lester"
763,1949,November,Finished,L. Sprague de Camp,"de Camp, L. Sprague"
764,1949,November,Final Command,A. E. van Vogt,"van Vogt, A. E."
765,1949,December,The Witches of Karres,James H. Schmitz,"Schmitz, James H."
766,1949,December,"...And Now You Don't, part 2 of 3",Isaac Asimov,"Asimov, Isaac"
767,1949,December,"Gulf, part 2 of 2",Robert A. Heinlein,"Heinlein, Robert A."
768,1949,December,A Can of Vacuum,L. Ron Hubbard,"Hubbard, L. Ron"
769,1949,December,Reversion,M. C. Pease,"Pease, M. C."
770,1950,January,Not To Be Opened--,Roger Flint Young,"Young, Roger Flint"
771,1950,January,"...And Now You Don't, part 3 of 3",Isaac Asimov,"Asimov, Isaac"
772,1950,January,Undesirable Alien,David McCarthy,"McCarthy, David"
773,1950,January,The Xi Effect,Philip Latham,"Latham, Philip"
774,1950,January,Gypsy,Poul Anderson,"Anderson, Poul"
775,1950,February,The Sound,A. E. van Vogt,"van Vogt, A. E."
776,1950,February,Promised Land,Lawrence O'Donnell,H Kuttner & CL Moore
777,1950,February,"To the Stars, part 1 of 2",L. Ron Hubbard,"Hubbard, L. Ron"
778,1950,February,The Perfect Weapon,Poul Anderson,"Anderson, Poul"
779,1950,February,Number Nine,Cleve Cartmill,"Cartmill, Cleve"
780,1950,February,And Be Merry...,Katherine MacLean,"MacLean, Katherine"
781,1950,February,Suburban Frontiers,Roger Flint Young,"Young, Roger Flint"
782,1950,March,New Foundations,Wilmar H. Shiras,"Shiras, Wilmar H."
783,1950,March,The Mercenaries,H. Beam Piper,"Piper, H. Beam"
784,1950,March,"To the Stars, part 2 of 2",L. Ron Hubbard,"Hubbard, L. Ron"
785,1950,March,Regulations Provide,Raymond F. Jones,"Jones, Raymond F."
786,1950,March,Conformity Expected,H. B. Fyfe,"Fyfe, H. B."
787,1950,April,Okie,James Blish,"Blish, James"
788,1950,April,"The Wizard of Linn, part 1 of 3",A. E. van Vogt,"van Vogt, A. E."
789,1950,April,Greed,L. Ron Hubbard,"Hubbard, L. Ron"
790,1950,April,U-Turn,Duncan H. Munro,"Munro, Duncan H."
791,1950,April,The Inspector's Teeth,L. Sprague de Camp,"de Camp, L. Sprague"
792,1950,May,The Helping Hand,Poul Anderson,"Anderson, Poul"
793,1950,May,"The Wizard of Linn, part 2 of 3",A. E. van Vogt,"van Vogt, A. E."
794,1950,May,The Apprentice,Miles M. Acheson,"Acheson, Miles M."
795,1950,May,The Potters of Firsk,Jack Vance,"Vance, Jack"
796,1950,June,The Evitable Conflict,Isaac Asimov,"Asimov, Isaac"
797,1950,June,Incommunicado,Katherine MacLean,"MacLean, Katherine"
798,1950,June,"The Wizard of Linn, part 3 of 3",A. E. van Vogt,"van Vogt, A. E."
799,1950,June,Punching Pillows,Cleve Cartmill,"Cartmill, Cleve"
800,1950,June,The Mayan Elephants,L. Sprague de Camp,"de Camp, L. Sprague"
801,1950,June,The Maze,Frank M. Robinson,"Robinson, Frank M."
802,1950,July,Heir Apparent,Lawrence O'Donnell,H Kuttner & CL Moore
803,1950,July,The Little Black Bag,C. M. Kornbluth,"Kornbluth, C. M."
804,1950,July,Private Enterprise,Edwin James,"James, Edwin"
805,1950,July,Skin Deep,Ford McCormack,"McCormack, Ford"
806,1950,July,Exposure,Eric Frank Russell,"Russell, Eric Frank"
807,1950,August,A Pinch of Culture,Bernard I. Kahn,"Kahn, Bernard I."
808,1950,August,The Last Enemy,H. Beam Piper,"Piper, H. Beam"
809,1950,August,"Prison Bright, Prison Deep",Frank Belknap Long,"Long, Frank Belknap"
810,1950,August,The Devil's Invention,Alfred Bester,"Bester, Alfred"
811,1950,August,Git Along!,L. Sprague de Camp,"de Camp, L. Sprague"
812,1950,September,The Lion and the Lamb,Fritz Leiber,"Leiber, Fritz"
813,1950,September,Paradise Street,Lawrence O'Donnell,H Kuttner & CL Moore
814,1950,September,Spy Scare,H. B. Fyfe,"Fyfe, H. B."
815,1950,September,Meteor,William T. Powers,"Powers, William T."
816,1950,September,The Sack,William Morrison,"Morrison, William"
817,1950,October,Discontinuity,Raymond F. Jones,"Jones, Raymond F."
818,1950,October,"The Hand of Zei, part 1 of 4",L. Sprague de Camp,"de Camp, L. Sprague"
819,1950,October,The Enchanted Forest,Fritz Leiber,"Leiber, Fritz"
820,1950,October,Trigger Tide,Norman Menasco,"Menasco, Norman"
821,1950,November,The Truth about Cushgar,James H. Schmitz,"Schmitz, James H."
822,1950,November,Tools of the Trade,Raymond F. Jones,"Jones, Raymond F."
823,1950,November,"The Hand of Zei, part 2 of 4",L. Sprague de Camp,"de Camp, L. Sprague"
824,1950,November,Follower,Eric Frank Russell,"Russell, Eric Frank"
825,1950,November,Quixote and the Windmill,Poul Anderson,"Anderson, Poul"
826,1950,November,In Value Deceived,H. B. Fyfe,"Fyfe, H. B."
827,1950,December,Compromise,H. B. Fyfe,"Fyfe, H. B."
828,1950,December,Bindlestiff,James Blish,"Blish, James"
829,1950,December,"The Hand of Zei, part 3 of 4",L. Sprague de Camp,"de Camp, L. Sprague"
830,1950,December,The Curfew Tolls,J. T. McIntosh,"McIntosh, J. T."
831,1950,December,Foundling,Donald Baker Moore,"Moore, Donald Baker"
832,1950,December,A Subway Named Mobius,A. J. Deutsch,"Deutsch, A. J."
833,1951,January,Berom,John Berryman,"Berryman, John"
834,1951,January,The Waiting Game,Randall Garrett,"Garrett, Randall"
835,1951,January,"The Hand of Zei, part 4 of 4",L. Sprague de Camp,"de Camp, L. Sprague"
836,1951,January,Cygnian Harvest,J. W. Groves,"Groves, J. W."
837,1951,January,Situation Thirty,Frank M. Robinson,"Robinson, Frank M."
838,1951,February,I Tell You Three Times,Raymond F. Jones,"Jones, Raymond F."
839,1951,February,Assignment in the Unknown,Frank Quattrocchi,"Quattrocchi, Frank"
840,1951,February,Hideway,F. L. Wallace,"Wallace, F. L."
841,1951,February,Fair Prey,J. D. Lucey,"Lucey, J. D."
842,1951,February,Historical Note,Murray Leinster,"Leinster, Murray"
843,1951,February,The Friendly Man,Gordon R. Dickson,"Dickson, Gordon R."
844,1951,February,Franchise,Kris Neville,"Neville, Kris"
845,1951,March,Philosophical Corps,E. B. Cole,"Cole, Everett B."
846,1951,March,Casting Office,Henderson Starke,"Starke, Henderson"
847,1951,March,Space Fear,James H. Schmitz,"Schmitz, James H."
848,1951,March,"""...Of the People...""",Morton Klass,"Klass, Morton"
849,1951,March,Experimentum Crucis,Andrew MacDuff,"MacDuff, Andrew"
850,1951,March,Protected Species,H. B. Fyfe,"Fyfe, H. B."
851,1951,March,The Man from Outside,Jack Williamson,"Williamson, Jack"
852,1951,March,High Threshold,Alan E. Nourse,"Nourse, Alan E."
853,1951,April,A Stitch in Time,Sylvia Jacobs,"Jacobs, Sylvia"
854,1951,April,Temple Trouble,H. Beam Piper,"Piper, H. Beam"
855,1951,April,Dog,Oliver Saari,"Saari, Oliver E."
856,1951,April,The Peddler's Nose,Jack Williamson,"Williamson, Jack"
857,1951,April,Prodigal's Aura,Raymond Z. Gallun,"Gallun, Raymond Z."
858,1951,April,The Weapon,Fredric Brown,"Brown, Fredric"
859,1951,May,Galactic Gadgeteers,Harry Stine,"Stine, Harry"
860,1951,May,Izzard and the Membrane,"Walter M. Miller, Jr.","Miller, Walter M. Jr."
861,1951,May,Success Story,Julian Chain,"Chain, Julian"
862,1951,May,Key Decision,H. B. Fyfe,"Fyfe, H. B."
863,1951,May,Guess Again,J. A. Meyer,"Meyer, J. A."
864,1951,June,Breeds There a Man...?,Isaac Asimov,"Asimov, Isaac"
865,1951,June,...And Then There Were None,Eric Frank Russell,"Russell, Eric Frank"
866,1951,June,The Mauki Chant,J. A. Meyer,"Meyer, J. A."
867,1951,June,Crisis,Edward Grendon,"Grendon, Edward"
868,1951,June,Bait,"Roy L. Clough, Jr.","Clough, Roy L. Jr."
869,1951,July,The Greatest Invention,Jack Williamson,"Williamson, Jack"
870,1951,July,The End of the Line,James H. Schmitz,"Schmitz, James H."
871,1951,July,The Error of Their Ways,Gordon R. Dickson,"Dickson, Gordon R."
872,1951,July,Feedback,Katherine MacLean,"MacLean, Katherine"
873,1951,July,Windfall,Catherine Crook de Camp,"de Camp, Catherine Crook"
874,1951,July,For Those Who Follow After,Dean McLaughlin,"McLaughlin, Dean"
875,1951,August,City of the Phoenix,M. C. Pease,"Pease, M. C."
876,1951,August,The Bodyguard,Vernon W. Glasser,"Glasser, Vernon W."
877,1951,August,The Soul-Empty Ones,"Walter M. Miller, Jr.","Miller, Walter M. Jr."
878,1951,August,Prometheus,Julian Chain,"Chain, Julian"
879,1951,August,The Price,Dave Dryfoos,"Dryfoos, Dave"
880,1951,August,The Monkey Wrench,Gordon R. Dickson,"Dickson, Gordon R."
881,1951,August,Courtesy,Clifford D. Simak,"Simak, Clifford D."
882,1951,September,The Universe Between,Alan E. Nourse,"Nourse, Alan E."
883,1951,September,Untitled Story,Frank M. Robinson,"Robinson, Frank M."
884,1951,September,Day of the Moron,H. Beam Piper,"Piper, H. Beam"
885,1951,September,Brick Wall,J. A. Meyer,"Meyer, J. A."
886,1951,October,Thinking Machine,H. B. Fyfe,"Fyfe, H. B."
887,1951,October,"Iceworld, part 1 of 3",Hal Clement,"Clement, Hal"
888,1951,October,"""The Years Draw Nigh""",Lester del Rey,"del Rey, Lester"
889,1951,October,Ultima Thule,Eric Frank Russell,"Russell, Eric Frank"
890,1951,October,The Head-Hunters,Ralph Williams,"Williams, Ralph"
891,1951,November,The Hunting Season,Frank M. Robinson,"Robinson, Frank M."
892,1951,November,Implode and Peddle,H. B. Fyfe,"Fyfe, H. B."
893,1951,November,"Iceworld, part 2 of 3",Hal Clement,"Clement, Hal"
894,1951,November,To Explain Mrs. Thompson,Philip Latham,"Latham, Philip"
895,1951,December,Dune Roller,J. C. May,"May, J. C."
896,1951,December,"Iceworld, part 3 of 3",Hal Clement,"Clement, Hal"
897,1951,December,Hell's Pavement,"Irving E. Cox, Jr.","Cox, Irving E. Jr."
898,1951,December,The Edge of Forever,Chad Oliver,"Oliver, Chad"
899,1952,January,Telek,Jack Vance,"Vance, Jack"
900,1952,January,That Share of Glory,C. M. Kornbluth,"Kornbluth, C. M."
901,1952,January,The Analogues,Damon Knight,"Knight, Damon"
902,1952,January,Instinct,Lester del Rey,"del Rey, Lester"
903,1952,January,Sitting Duck,Oliver E. Saari,"Saari, Oliver E."
904,1952,February,Firewater,William Tenn,"Tenn, William"
905,1952,February,The Steel Brother,Gordon R. Dickson,"Dickson, Gordon R."
906,1952,February,Bridge,James Blish,"Blish, James"
907,1952,February,Information,Alan Barclay,"Barclay, Alan"
908,1952,February,Ev,Jerome Bixby & Raymond Z. Gallun,"Gallun, Jerome Bixby & Raymond Z."
909,1952,February,Star-Linked,H. B. Fyfe,"Fyfe, H. B."
910,1952,March,Man Down,Jack Williamson,"Williamson, Jack"
911,1952,March,"Gunner Cade, part 1 of 3",Cyril Judd,"Judd, Cyril"
912,1952,March,Mate in Three Moves,Matthew M. Cammen,"Cammen, Matthew M."
913,1952,March,Star Tracks,"Sam Merwin, Jr.","Merwin, Sam Jr."
914,1952,March,Next Door,Jack Thomas,"Thomas, Jack"
915,1952,March,Bluff-Stained Transaction,H. B. Fyfe,"Fyfe, H. B."
916,1952,April,Radiation,Kelley Edwards,"Edwards, Kelley"
917,1952,April,Dumb Waiter,"Walter M. Miller, Jr.","Miller, Walter M. Jr."
918,1952,April,"Gunner Cade, part 2 of 3",Cyril Judd,"Judd, Cyril"
919,1952,April,Cosmophyte,Julian Chain,"Chain, Julian"
920,1952,April,Suicide's Grave,Joseph Petkoff,"Petkoff, Joseph"
921,1952,April,The Farthest Horizon,Raymond F. Jones,"Jones, Raymond F."
922,1952,May,Blood's a Rover,Chad Oliver,"Oliver, Chad"
923,1952,May,"Gunner Cade, part 3 of 3",Cyril Judd,"Judd, Cyril"
924,1952,May,Half the Victory,Brian Parker,"Parker, Brian"
925,1952,May,Fast Falls the Eventide,Eric Frank Russell,"Russell, Eric Frank"
926,1952,May,What Have I Done?,Mark Clifton,"Clifton, Mark"
927,1952,June,Blood Bank,"Walter M. Miller, Jr.","Miller, Walter M. Jr."
928,1952,June,The Specter General,Theodore Cogswell,"Cogswell, Theodore"
929,1952,June,The Ghost Town,Donald Kingsbury,"Kingsbury, Donald"
930,1952,June,Ascent Into Chaos,M. C. Pease,"Pease, M. C."
931,1952,July,The Emissary,Jim Brown,"Brown, Jim"
932,1952,July,Stardust,Chad Oliver,"Oliver, Chad"
933,1952,July,Gramp and His Dog,Frank Quattrocchi,"Quattrocchi, Frank"
934,1952,July,I Am Nothing,Eric Frank Russell,"Russell, Eric Frank"
935,1952,July,All the Way Back,Michael Shaara,"Shaara, Michael"
936,1952,August,Cold Awakening,"Walter M. Miller, Jr.","Miller, Walter M. Jr."
937,1952,August,Love Thy Neighbor,M. C. Pease,"Pease, M. C."
938,1952,August,The Face of the Enemy,Thomas Wilson,"Wilson, Thomas"
939,1952,August,The Conqueror,Mark Clifton,"Clifton, Mark"
940,1952,August,No Place Like Home,Lester del Rey,"del Rey, Lester"
941,1952,September,The Entrepreneur,Thomas Wilson,"Wilson, Thomas"
942,1952,September,Frontier of the Dark,A. Bertram Chandler,"Chandler, A. Bertram"
943,1952,September,No Moon for Me,"Walter M. Miller, Jr.","Miller, Walter M. Jr."
944,1952,September,Demotion,Robert Donald Locke,"Locke, Robert Donald"
945,1952,October,The Evidence At Hand,Dean McLaughlin,"McLaughlin, Dean"
946,1952,October,Survival Policy,Edwin James,"James, Edwin"
947,1952,October,"The Currents of Space, part 1 of 3",Isaac Asimov,"Asimov, Isaac"
948,1952,October,The Big Hunger,"Walter M. Miller, Jr.","Miller, Walter M. Jr."
949,1952,October,The Exile,Alfred Coppel,"Coppel, Alfred"
950,1952,November,Last Blast,Eric Frank Russell,"Russell, Eric Frank"
951,1952,November,"The Currents of Space, part 2 of 3",Isaac Asimov,"Asimov, Isaac"
952,1952,November,The High Purpose,Algis Budrys,"Budrys, Algis"
953,1952,November,The Things to Come,Gene L. Henderson,"Henderson, Gene L."
954,1952,November,Pax Galactica,Ralph Williams,"Williams, Ralph"
955,1952,December,Noise Level,Raymond F. Jones,"Jones, Raymond F."
956,1952,December,"The Currents of Space, part 3 of 3",Isaac Asimov,"Asimov, Isaac"
957,1952,December,Pest,Randall Garrett & Lou Tabakow,"Tabakow, Randall Garrett & Lou"
958,1952,December,Me and Flapjack and the Martians,Fredric Brown & Mack Reynolds,"Reynolds, Fredric Brown & Mack"
959,1952,December,The Impacted Man,Robert Sheckley,"Sheckley, Robert"
960,1953,January,Un-Man,Poul Anderson,"Anderson, Poul"
961,1953,January,The Captives,Julian Chain,"Chain, Julian"
962,1953,January,These Shall Not Be Lost,E. B. Cole,"Cole, Everett B."
963,1953,January,Stamp from Moscow,Steve Benedict,"Benedict, Steve"
964,1953,January,Secret,Lee Cahn,"Cahn, Lee"
965,1953,February,Safety Valve,Richard De Mille,"De Mille, Richard"
966,1953,February,Nightmare Brother,Alan E. Nourse,"Nourse, Alan E."
967,1953,February,"Null-ABC, part 1 of 2",John J. McGuire,"McGuire, John J."
968,1953,February,For the Glory of Agon,"Irving Cox, Jr.","Cox, Irving E. Jr."
969,1953,February,Crucifixus Etiam,"Walter M. Miller, Jr.","Miller, Walter M. Jr."
970,1953,February,The Cog,Charles E. Fritch,"Fritch, Charles E."
971,1953,March,"Button, Button",Thomas Wilson,"Wilson, Thomas"
972,1953,March,Thou Good and Faithful,John Loxmith,"Loxmith, John"
973,1953,March,"Null-ABC, part 2 of 2",John J. McGuire,"McGuire, John J."
974,1953,March,Fool's Mate,Robert Sheckley,"Sheckley, Robert"
975,1953,April,Settle to One,Charles Dye & April Smith,"Smith, Charles Dye & April"
976,1953,April,The Ant and the Eye,Chad Oliver,"Oliver, Chad"
977,1953,April,"Mission of Gravity, part 1 of 4",Hal Clement,"Clement, Hal"
978,1953,April,Allegory,William T. Powers,"Powers, William T."
979,1953,April,Family Resemblance,Alan E. Nourse,"Nourse, Alan E."
980,1953,May,Medicine Show,Robert Moore Williams,"Williams, Robert Moore"
981,1953,May,"Mission of Gravity, part 2 of 4",Hal Clement,"Clement, Hal"
982,1953,May,Multifarious,Algis Budrys,"Budrys, Algis"
983,1953,May,Lady with a Past,"Irving E. Cox, Jr.","Cox, Irving E. Jr."
984,1953,May,Operating Instructions,Robert Sheckley,"Sheckley, Robert"
985,1953,June,"""...And A Star to Steer Her By""",Lee Correy,"Correy, Lee"
986,1953,June,"Mission of Gravity, part 3 of 4",Hal Clement,"Clement, Hal"
987,1953,June,Quiz Game,Frank M. Robinson,"Robinson, Frank M."
988,1953,June,Impostor,Philip K. Dick,"Dick, Philip K."
989,1953,July,Survival,Don Green,"Green, Don"
990,1953,July,Enough Rope,Poul Anderson,"Anderson, Poul"
991,1953,July,"Mission of Gravity, part 4 of 4",Hal Clement,"Clement, Hal"
992,1953,July,Solution Delayed,Mark Clifton & Alex Apostolides,"Apostolides, Mark Clifton & Alex"
993,1953,August,Share Our World,Chan Davis,"Davis, Chandler"
994,1953,August,Sam Hall,Poul Anderson,"Anderson, Poul"
995,1953,August,Pioneer,Lee Correy,"Correy, Lee"
996,1953,August,Commencement Night,Richard Ashby,"Ashby, Richard"
997,1953,August,Crazy Joey,Mark Clifton & Alex Apostolides,"Apostolides, Mark Clifton & Alex"
998,1953,September,What Thin Partitions,Mark Clifton & Alex Apostolides,"Apostolides, Mark Clifton & Alex"
999,1953,September,Humpty Dumpty,Lewis Padgett,H Kuttner & CL Moore
1000,1953,September,Little Joe,Algis Budrys,"Budrys, Algis"
1001,1953,September,Gimmick,Katherine MacLean,"MacLean, Katherine"
1002,1953,September,The Garden in the Forest,Robert F. Young,"Young, Robert F."
1003,1953,October,The Gulf Between,Tom Godwin,"Godwin, Tom"
1004,1953,October,Belief,Isaac Asimov,"Asimov, Isaac"
1005,1953,October,The Scavengers,James White,"White, James"
1006,1953,October,The Test,Ralph Williams,"Williams, Ralph"
1007,1953,November,Trade Secret,Raymond F. Jones,"Jones, Raymond F."
1008,1953,November,Earthman Come Home,James Blish,"Blish, James"
1009,1953,November,The Happiness Effect,Raymond E. Banks,"Banks, Raymond E."
1010,1953,November,The Sharpies,John Murphy,"Murphy, John"
1011,1953,November,Potential,Robert Sheckley,"Sheckley, Robert"
1012,1953,December,Mother of Invention,Tom Godwin,"Godwin, Tom"
1013,1953,December,Hide! Hide! Witch!,Mark Clifton & Alex Apostolides,"Apostolides, Mark Clifton & Alex"
1014,1953,December,Ill Wind,Lee Correy,"Correy, Lee"
1015,1953,December,Counterspy,Kelley Edwards,"Edwards, Kelley"
1016,1954,January,Exile,Everett B. Cole,"Cole, Everett B."
1017,1954,January,Bertha,Ralph Williams,"Williams, Ralph"
1018,1954,January,The Return,H. Beam Piper & John J. McGuire,"McGuire, H. Beam Piper & John J."
1019,1954,January,A.I.D.,Algis Budrys,"Budrys, Algis"
1020,1954,January,The Lonely Man,Frank M. Robinson,"Robinson, Frank M."
1021,1954,February,Royal Road,A. Arthur Smith,"Smith, A. Arthur"
1022,1954,February,The Greater Thing,Tom Godwin,"Godwin, Tom"
1023,1954,February,"Sucker Bait, part 1 of 2",Isaac Asimov,"Asimov, Isaac"
1024,1954,February,Amateur,Lee Correy,"Correy, Lee"
1025,1954,February,Runaway Home,E. G. Von Wald,"Von Wald, E. G."
1026,1954,March,Immigrant,Clifford D. Simak,"Simak, Clifford D."
1027,1954,March,Final Exam,Arthur Zirul,"Zirul, Arthur"
1028,1954,March,"Sucker Bait, part 2 of 2",Isaac Asimov,"Asimov, Isaac"
1029,1954,March,I Made You,"Walter M. Miller, Jr.","Miller, Walter M. Jr."
1030,1954,April,The Thousandth Year,Robert Abernathy,"Abernathy, Robert"
1031,1954,April,Rite of Passage,Chad Oliver,"Oliver, Chad"
1032,1954,April,Fighting Philosopher,E. B. Cole,"Cole, Everett B."
1033,1954,April,Marshmallow World,Joseph Whitehill,"Whitehill, Joseph"
1034,1954,April,Age of Retirement,Hal Lynch,"Lynch, Hal"
1035,1954,May,Bias,J. T. McIntosh,"McIntosh, J. T."
1036,1954,May,At Death's End,James Blish,"Blish, James"
1037,1954,May,Of Course,Chad Oliver,"Oliver, Chad"
1038,1954,May,Earthman's Burden,Morton Klass,"Klass, Morton"
1039,1954,May,Weak Spot,Eric Frank Russell,"Russell, Eric Frank"
1040,1954,May,First to Serve,Algis Budrys,"Budrys, Algis"
1041,1954,June,Neighbor,Clifford D. Simak,"Simak, Clifford D."
1042,1954,June,Operation Syndrome,Frank Herbert,"Herbert, Frank"
1043,1954,June,"Question and Answer, part 1 of 2",Poul Anderson,"Anderson, Poul"
1044,1954,June,Lone Bandit,Dennis Wiegand,"Wiegand, Dennis"
1045,1954,June,Growth Process,Edward Grendon,"Grendon, Edward"
1046,1954,June,Wing Shot,Victor Stephan,"Stephan, Victor"
1047,1954,July,The Hunting Lodge,Randall Garrett,"Garrett, Randall"
1048,1954,July,Pyramid,Robert Abernathy,"Abernathy, Robert"
1049,1954,July,"Question and Answer, part 2 of 2",Poul Anderson,"Anderson, Poul"
1050,1954,July,In The Beginning,Morton Klass,"Klass, Morton"
1051,1954,July,The Disturber,Winston Marks,"Marks, Winston K."
1052,1954,August,The Cold Equations,Tom Godwin,"Godwin, Tom"
1053,1954,August,Superstition,Lester del Rey,"del Rey, Lester"
1054,1954,August,"They'd Rather Be Right, part 1 of 4",Mark Clifton & Frank Riley,"Riley, Mark Clifton & Frank"
1055,1954,August,"Welcome, Strangers!",H. B. Fyfe,"Fyfe, H. B."
1056,1954,August,This Is The Way The World Ends,H. W. Johnson,"Johnson, H. W."
1057,1954,September,"Martians, Go Home",Fredric Brown,"Brown, Fredric"
1058,1954,September,"They'd Rather Be Right, part 2 of 4",Mark Clifton & Frank Riley,"Riley, Mark Clifton & Frank"
1059,1954,September,The Easy Way,Oscar A. Boch,"Boch, Oscar A."
1060,1954,September,Mister Pinschur,Betty Fuller & Maurice Ogden,"Ogden, Betty Fuller & Maurice"
1061,1954,September,The Interlopers,Roger Dee,"Dee, Roger"
1062,1954,October,The Big Rain,Poul Anderson,"Anderson, Poul"
1063,1954,October,"They'd Rather Be Right, part 3 of 4",Mark Clifton & Frank Riley,"Riley, Mark Clifton & Frank"
1064,1954,October,The Deviant,Everett B. Cole,"Cole, Everett B."
1065,1954,October,Training Aid,Walter L. Kleine,"Kleine, Walter L."
1066,1954,October,The Conners,Edward Peattie,"Peattie, Edward"
1067,1954,November,Pilot's License,William T. Powers,"Powers, William T."
1068,1954,November,The End of Summer,Algis Budrys,"Budrys, Algis"
1069,1954,November,"They'd Rather Be Right, part 4 of 4",Mark Clifton & Frank Riley,"Riley, Mark Clifton & Frank"
1070,1954,November,A Matter of Monsters,Manly Banister,"Banister, Manly"
1071,1954,November,The Dip Stick,William E. Bentley,"Bentley, William E."
1072,1954,November,Helper,Irving Reich,"Reich, Irving"
1073,1954,December,The School,Raymond F. Jones,"Jones, Raymond F."
1074,1954,December,"""On The Care And Breeding of Pigs""",Rex Jatko,"Jatko, Rex"
1075,1954,December,Special Effect,J. Anthony Ferlaine,"Ferlaine, J. Anthony"
1076,1954,December,Pack Rat Planet,Frank Herbert,"Herbert, Frank"
1077,1954,December,Eight Seconds,M. C. Pease,"Pease, M. C."
1078,1955,January,The Darfsteller,"Walter M. Miller, Jr.","Miller, Walter M. Jr."
1079,1955,January,Field Expedient,Chad Oliver,"Oliver, Chad"
1080,1955,January,Armistice,K. Houston Brunner,"Brunner, K. Houston"
1081,1955,January,Nothing New,Eric Frank Russell,"Russell, Eric Frank"
1082,1955,January,Without Portfolio,James E. Gunn,"Gunn, James E."
1083,1955,February,Citadel,Algis Budrys,"Budrys, Algis"
1084,1955,February,"Time Crime, part 1 of 2",H. Beam Piper,"Piper, H. Beam"
1085,1955,February,Design Flaw,Lee Correy,"Correy, Lee"
1086,1955,February,Tight Squeeze,Dean Ing,"Ing, Dean C."
1087,1955,February,Grandpa,James H. Schmitz,"Schmitz, James H."
1088,1955,March,Sense from Thought Divide,Mark Clifton,"Clifton, Mark"
1089,1955,March,"Time Crime, part 2 of 2",H. Beam Piper,"Piper, H. Beam"
1090,1955,March,A Fine Fix,R. C. Noll,"Noll, R. C."
1091,1955,March,The Test Stand,Lee Correy,"Correy, Lee"
1092,1955,March,Diabologic,Eric Frank Russell,"Russell, Eric Frank"
1093,1955,April,The Players,Everett B. Cole,"Cole, Everett B."
1094,1955,April,The Stutterer,R. R. Merliss,"Merliss, R. R."
1095,1955,April,"The Long Way Home, part 1 of 4",Poul Anderson,"Anderson, Poul"
1096,1955,April,The Plains of San Augustine,Lee Correy,"Correy, Lee"
1097,1955,May,Millennium,Everett B. Cole,"Cole, Everett B."
1098,1955,May,Risk,Isaac Asimov,"Asimov, Isaac"
1099,1955,May,"The Long Way Home, part 2 of 4",Poul Anderson,"Anderson, Poul"
1100,1955,May,Watch Your Step,Algis Budrys,"Budrys, Algis"
1101,1955,May,Allamagoosa,Eric Frank Russell,"Russell, Eric Frank"
1102,1955,June,Final Weapon,Everett B. Cole,"Cole, Everett B."
1103,1955,June,Shock Absorber,E. G. Von Wald,"Von Wald, E. G."
1104,1955,June,"The Long Way Home, part 3 of 4",Poul Anderson,"Anderson, Poul"
1105,1955,June,The Guardians,"Irving Cox, Jr.","Cox, Irving E. Jr."
1106,1955,June,As Long As You Wish,John O'Keefe,"O'Keefe, John"
1107,1955,June,Criminal Negligence,J. Francis McComas,"McComas, J. Francis"
1108,1955,July,Rat Race,Frank Herbert,"Herbert, Frank"
1109,1955,July,The Waitabits,Eric Frank Russell,"Russell, Eric Frank"
1110,1955,July,In Clouds of Glory,Algis Budrys,"Budrys, Algis"
1111,1955,July,"The Long Way Home, part 4 of 4",Poul Anderson,"Anderson, Poul"
1112,1955,July,"Earth, Air, Fire and Water",Robert Sheckley,"Sheckley, Robert"
1113,1955,July,Tieline,Duncan H. Munro,"Munro, Duncan H."
1114,1955,August,Victory,Lester del Rey,"del Rey, Lester"
1115,1955,August,"Call Him Dead, part 1 of 3",Eric Frank Russell,"Russell, Eric Frank"
1116,1955,August,Pagan,Algis Budrys,"Budrys, Algis"
1117,1955,August,Judgement Day,L. Sprague de Camp,"de Camp, L. Sprague"
1118,1955,August,Feeding Time,James Gunn,"Gunn, James E."
1119,1955,August,One-Shot,James Blish,"Blish, James"
1120,1955,September,The Gift of Gab,Jack Vance,"Vance, Jack"
1121,1955,September,"Call Him Dead, part 2 of 3",Eric Frank Russell,"Russell, Eric Frank"
1122,1955,September,Aspirin Won't Help It,John A. Sentry,"Sentry, John A."
1123,1955,September,Scrimshaw,Murray Leinster,"Leinster, Murray"
1124,1955,September,Blessed Are the Meek,G. C. Edmondson,"Edmondson, G. C."
1125,1955,October,The Short Life,Francis Donovan,"Donovan, Francis"
1126,1955,October,New Blood,James Gunn,"Gunn, James E."
1127,1955,October,"Call Him Dead, part 3 of 3",Eric Frank Russell,"Russell, Eric Frank"
1128,1955,October,Security,Ernest M. Kenyon,"Kenyon, Ernest M."
1129,1955,November,Cubs of the Wolf,Raymond F. Jones,"Jones, Raymond F."
1130,1955,November,"Under Pressure, part 1 of 3",Frank Herbert,"Herbert, Frank"
1131,1955,November,The Outvaders,Joe L. Hensley,"Hensley, Joe L."
1132,1955,November,Slingshot,Irving W. Lande,"Lande, Irving W."
1133,1955,November,Nobody Bothers Gus,Paul Janvier,"Janvier, Paul"
1134,1955,December,Sand Doom,Murray Leinster,"Leinster, Murray"
1135,1955,December,"Under Pressure, part 2 of 3",Frank Herbert,"Herbert, Frank"
1136,1955,December,Breakaway,Stanley Gimble,"Gimble, Stanley"
1137,1955,December,The Golden Judge,Nathaniel Gordon,"Gordon, Nathaniel"
1138,1955,December,Faithfully Yours,Lou Tabakow,"Tabakow, Lou"
1139,1955,December,Far From Home,J. A. Taylor,"Taylor, J. A."
1140,1956,January,The Executioner,Algis Budrys,"Budrys, Algis"
1141,1956,January,"""Won't You Walk...""",Theodore Sturgeon,"Sturgeon, Theodore"
1142,1956,January,"Under Pressure, part 3 of 3",Frank Herbert,"Herbert, Frank"
1143,1956,January,Indirection,Everett B. Cole,"Cole, Everett B."
1144,1956,February,Clerical Error,Mark Clifton,"Clifton, Mark"
1145,1956,February,"Double Star, part 1 of 3",Robert A. Heinlein,"Heinlein, Robert A."
1146,1956,February,The Last Thousand Miles,Dean McLaughlin,"McLaughlin, Dean"
1147,1956,February,Chains of Command,Reg Rhein,"Rhein, Reg"
1148,1956,February,Silent Brother,Paul Janvier,"Janvier, Paul"
1149,1956,February,The Prisoner,Christopher Anvil,"Anvil, Christopher"
1150,1956,March,Exploration Team,Murray Leinster,"Leinster, Murray"
1151,1956,March,"Double Star, part 2 of 3",Robert A. Heinlein,"Heinlein, Robert A."
1152,1956,March,A Nice Little Niche,Herbert L. Cooper,"Cooper, Herbert L."
1153,1956,March,Minor Ingredient,Eric Frank Russell,"Russell, Eric Frank"
1154,1956,March,Man in the Sky,Algis Budrys,"Budrys, Algis"
1155,1956,April,The Dead Past,Isaac Asimov,"Asimov, Isaac"
1156,1956,April,Legwork,Eric Frank Russell,"Russell, Eric Frank"
1157,1956,April,"Double Star, part 3 of 3",Robert A. Heinlein,"Heinlein, Robert A."
1158,1956,April,The Man Who Always Knew,Algis Budrys,"Budrys, Algis"
1159,1956,May,The Missionaries,Everett B. Cole,"Cole, Everett B."
1160,1956,May,Academy for Pioneers,Raymond F. Jones,"Jones, Raymond F."
1161,1956,May,Thereby Hangs...,Varley Lang,"Lang, Varley"
1162,1956,May,Psioid Charley,John A. Sentry,"Sentry, John A."
1163,1956,May,To Be Continued,Robert Silverberg,"Silverberg, Robert"
1164,1956,June,Plus X,Eric Frank Russell,"Russell, Eric Frank"
1165,1956,June,The Chosen People,Robert Randall,"Randall, Robert"
1166,1956,June,The Live Coward,Poul Anderson,"Anderson, Poul"
1167,1956,June,The Peasant Girl,Paul Janvier,"Janvier, Paul"
1168,1956,June,Sea Change,Thomas N. Scortia,"Scortia, Thomas N."
1169,1956,July,Machine Complex,Randall Garrett,"Garrett, Randall"
1170,1956,July,A Little Thing for the House,F. L. Wallace,"Wallace, F. L."
1171,1956,July,Critical Difference,Murray Leinster,"Leinster, Murray"
1172,1956,July,Wild Modesty,Allen Lang,"Lang, Allen"
1173,1956,July,Tomb Tapper,James Blish,"Blish, James"
1174,1956,August,The Promised Land,Robert Randall,"Randall, Robert"
1175,1956,August,Witches Must Burn,James E. Gunn,"Gunn, James E."
1176,1956,August,The Far Look,Theodore L. Thomas,"Thomas, Theodore L."
1177,1956,August,There's No Fool,David Gordon,"Gordon, David"
1178,1956,August,Middleman,John A. Sentry,"Sentry, John A."
1179,1956,August,Top Secret,Eric Frank Russell,"Russell, Eric Frank"
1180,1956,September,The Swamp Was Upside Down,Murray Leinster,"Leinster, Murray"
1181,1956,September,Pandora's Planet,Christopher Anvil,"Anvil, Christopher"
1182,1956,September,Margin of Profit,Poul Anderson,"Anderson, Poul"
1183,1956,September,Dust Rag,Hal Clement,"Clement, Hal"
1184,1956,September,Mind for Business,Robert Silverberg,"Silverberg, Robert"
1185,1956,October,Death March,Algis Budrys,"Budrys, Algis"
1186,1956,October,Sound Decision,Randall Garrett & Robert Silverberg,"Silverberg, Randall Garrett & Robert"
1187,1956,October,"The Naked Sun, part 1 of 3",Isaac Asimov,"Asimov, Isaac"
1188,1956,October,What They're Up Against,John Hunton,"Hunton, John"
1189,1956,October,Ceramic Incident,Theodore L. Thomas,"Thomas, Theodore L."
1190,1956,November,With All the Trappings,Randall Garrett,"Garrett, Randall"
1191,1956,November,Sour Note on Palayata,James H. Schmitz,"Schmitz, James H."
1192,1956,November,"The Naked Sun, part 2 of 3",Isaac Asimov,"Asimov, Isaac"
1193,1956,November,Sourdough,Robert Silverberg,"Silverberg, Robert"
1194,1956,November,The Doorstop,R. Bretnor,"Bretnor, R."
1195,1956,December,False Prophet,Robert Randall,"Randall, Robert"
1196,1956,December,"The Naked Sun, part 3 of 3",Isaac Asimov,"Asimov, Isaac"
1197,1956,December,Look On My Works,Algis Budrys,"Budrys, Algis"
1198,1956,December,2066: Election Day,Michael Shaara,"Shaara, Michael"
1199,1957,January,Nuisance Value,Eric Frank Russell,"Russell, Eric Frank"
1200,1957,January,"Get Out of My Sky, part 1 of 2",James Blish,"Blish, James"
1201,1957,January,Security Risk,Poul Anderson,"Anderson, Poul"
1202,1957,January,The Education of Icky,Lee Correy,"Correy, Lee"
1203,1957,January,For the First Time,C. L. Cottrell,"Cottrell, C. L."
1204,1957,February,Omnilingual,H. Beam Piper,"Piper, H. Beam"
1205,1957,February,"Get Out of My Sky, part 2 of 2",James Blish,"Blish, James"
1206,1957,February,The Man With the Corkscrew Mind,Stanley Mullen,"Mullen, Stanley"
1207,1957,February,Unlucky Chance,M. C. Pease,"Pease, M. C."
1208,1957,February,The War is Over,Algis Budrys,"Budrys, Algis"
1209,1957,March,A Matter of Security,W. T. Haggert,"Haggert, W. T."
1210,1957,March,How Allied,Mark Clifton,"Clifton, Mark"
1211,1957,March,"The Dawning Light, part 1 of 3",Robert Randall,"Randall, Robert"
1212,1957,March,Man of God,Stephen Bartholomew,"Bartholomew, Stephen"
1213,1957,March,Marius,Poul Anderson,"Anderson, Poul"
1214,1957,April,Call Me Joe,Poul Anderson,"Anderson, Poul"
1215,1957,April,Chain Reaction,John A. Sentry,"Sentry, John A."
1216,1957,April,"The Dawning Light, part 2 of 3",Robert Randall,"Randall, Robert"
1217,1957,April,The Lost Vegan,"E. J. McKenzie, Jr.","McKenzie, E. J. Jr."
1218,1957,April,Torch,Christopher Anvil,"Anvil, Christopher"
1219,1957,April,The Mile-Long Spaceship,Kate Wilhelm,"Wilhelm, Kate"
1220,1957,May,What's Eating You?,Randall Garrett,"Garrett, Randall"
1221,1957,May,"The Dawning Light, part 3 of 3",Robert Randall,"Randall, Robert"
1222,1957,May,The Queen's Messenger,John J. McGuire,"McGuire, John J."
1223,1957,May,Something in the Sky,Lee Correy,"Correy, Lee"
1224,1957,June,Needler,Randall Garrett,"Garrett, Randall"
1225,1957,June,Among Thieves,Poul Anderson,"Anderson, Poul"
1226,1957,June,Ribbon in the Sky,Murray Leinster,"Leinster, Murray"
1227,1957,June,Drift,A. Bertram Chandler,"Chandler, A. Bertram"
1228,1957,July,Profession,Isaac Asimov,"Asimov, Isaac"
1229,1957,July,Divine Right,Lester del Rey,"del Rey, Lester"
1230,1957,July,Run of the Mill,Robert Silverberg,"Silverberg, Robert"
1231,1957,July,The Best Policy,David Gordon,"Gordon, David"
1232,1957,July,Hot Potato,Algis Budrys,"Budrys, Algis"
1233,1957,August,Med Service,Murray Leinster,"Leinster, Murray"
1234,1957,August,Brake,Poul Anderson,"Anderson, Poul"
1235,1957,August,The Stainless Steel Rat,Harry Harrison,"Harrison, Harry"
1236,1957,August,Beast of Prey,Jay Williams,"Williams, Jay"
1237,1957,August,Love Story,Eric Frank Russell,"Russell, Eric Frank"
1238,1957,September,Look Out! Duck!,David Gordon,"Gordon, David"
1239,1957,September,"Citizen of the Galaxy, part 1 of 4",Robert A. Heinlein,"Heinlein, Robert A."
1240,1957,September,"The Devil, You Say?",Walter L. Kleine,"Kleine, Walter L."
1241,1957,September,Into Your Tent I'll Creep,Eric Frank Russell,"Russell, Eric Frank"
1242,1957,September,Red Rover,Dean C. Ing,"Ing, Dean C."
1243,1957,October,The Grandfather's War,Murray Leinster,"Leinster, Murray"
1244,1957,October,"Citizen of the Galaxy, part 2 of 4",Robert A. Heinlein,"Heinlein, Robert A."
1245,1957,October,Compensation,Christopher Anvil,"Anvil, Christopher"
1246,1957,October,Gentlemen: Please Note,Randall Garrett,"Garrett, Randall"
1247,1957,November,The Gentle Earth,Christopher Anvil,"Anvil, Christopher"
1248,1957,November,"Citizen of the Galaxy, part 3 of 4",Robert A. Heinlein,"Heinlein, Robert A."
1249,1957,November,One Per Cent Inspiration,Edward Wellen,"Wellen, Edward"
1250,1957,November,The Shrines of Earth,Robert Silverberg,"Silverberg, Robert"
1251,1957,December,The First Inch,Jon Stopa,"Stopa, John"
1252,1957,December,Precedent,Robert Silverberg,"Silverberg, Robert"
1253,1957,December,"Citizen of the Galaxy, part 4 of 4",Robert A. Heinlein,"Heinlein, Robert A."
1254,1957,December,Truce by Boomerang,Christopher Anvil,"Anvil, Christopher"
1255,1957,December,Danger - Human!,Gordon R. Dickson,"Dickson, Gordon R."
1256,1958,January,Unwillingly to School,Pauline Ashwell,"Ashwell, Pauline"
1257,1958,January,All the King's Horses,Robert Randall,"Randall, Robert"
1258,1958,January,Short History of World War Three,Murray Leinster,"Leinster, Murray"
1259,1958,January,Guppy,Stanley Mullen,"Mullen, Stanley"
1260,1958,January,Cease Fire,Frank Herbert,"Herbert, Frank"
1261,1958,February,Aristotle and the Gun,L. Sprague de Camp,"de Camp, L. Sprague"
1262,1958,February,"The Man Who Counts, part 1 of 3",Poul Anderson,"Anderson, Poul"
1263,1958,February,Achilles' Heel,Christopher Anvil,"Anvil, Christopher"
1264,1958,February,Brute Farce,Eric Frank Russell,"Russell, Eric Frank"
1265,1958,February,No Way Out,Robert Silverberg,"Silverberg, Robert"
1266,1958,February,Hot Water,Jon Stopa,"Stopa, John"
1267,1958,March,The Man on the Bottom,Dean McLaughlin,"McLaughlin, Dean"
1268,1958,March,Second Game,Katherine MacLean & Charles V. De Vet,"De Vet, Katherine MacLean & Charles V."
1269,1958,March,"The Man Who Counts, part 2 of 3",Poul Anderson,"Anderson, Poul"
1270,1958,March,Penal Servitude,Randall Garrett,"Garrett, Randall"
1271,1958,March,Try and Change the Past,Fritz Leiber,"Leiber, Fritz"
1272,1958,April,Revolt!,Christopher Anvil,"Anvil, Christopher"
1273,1958,April,Basic Right,Eric Frank Russell,"Russell, Eric Frank"
1274,1958,April,"The Man Who Counts, part 3 of 3",Poul Anderson,"Anderson, Poul"
1275,1958,April,A Pair of Glasses,John Stopa,"Stopa, John"
1276,1958,May,Special Feature,Charles V. De Vet,"De Vet, Charles V."
1277,1958,May,"Close to Critical, part 1 of 3",Hal Clement,"Clement, Hal"
1278,1958,May,The Question,Gordon R. Dickson,"Dickson, Gordon R."
1279,1958,May,You Take the High Road,Frank Herbert,"Herbert, Frank"
1280,1958,May,Fool Killer,Stanley Mullen,"Mullen, Stanley"
1281,1958,May,One-Eye,John Rackham,"Rackham, John"
1282,1958,June,Heir Reluctant,Robert Silverberg,"Silverberg, Robert"
1283,1958,June,"Close to Critical, part 2 of 3",Hal Clement,"Clement, Hal"
1284,1958,June,Space to Swing a Cat,Stanley Mullen,"Mullen, Stanley"
1285,1958,June,Murphy's Law,"Hugh B. Brous, Jr.","Brous, Hugh B. Jr."
1286,1958,June,The Law School,Theodore L. Thomas,"Thomas, Theodore L."
1287,1958,June,No Connections,Randall Garrett,"Garrett, Randall"
1288,1958,July,The Miracle-Workers,Jack Vance,"Vance, Jack"
1289,1958,July,"Business as Usual, During Alterations",Ralph Williams,"Williams, Ralph"
1290,1958,July,"Close to Critical, part 3 of 3",Hal Clement,"Clement, Hal"
1291,1958,July,Top Rung,Christopher Anvil,"Anvil, Christopher"
1292,1958,August,Cargo for Colony 6,Christopher Anvil,"Anvil, Christopher"
1293,1958,August,"We Have Fed Our Sea, part 1 of 2",Poul Anderson,"Anderson, Poul"
1294,1958,August,They've Been Working On ...,Anton Lee Baker,"Baker, Anton Lee"
1295,1958,August,Point of Focus,Robert Silverberg,"Silverberg, Robert"
1296,1958,September,Foghead,Christopher Anvil,"Anvil, Christopher"
1297,1958,September,Harvest Time,James H. Schmitz,"Schmitz, James H."
1298,1958,September,"We Have Fed Our Sea, part 2 of 2",Poul Anderson,"Anderson, Poul"
1299,1958,September,Interview,Daniel Luzon Morris,"Morris, Daniel Luzon"
1300,1958,September,Basic Agreement,Avis Pabel,"Pabel, Avis"
1301,1958,September,The Quarry,Gordon R. Dickson,"Dickson, Gordon R."
1302,1958,October,...And Check the Oil,Randall Garrett,"Garrett, Randall"
1303,1958,October,Big Sword,Paul Ash,"Ash, Paul"
1304,1958,October,The Big Front Yard,Clifford D. Simak,"Simak, Clifford D."
1305,1958,October,False Image,Jay Williams,"Williams, Jay"
1306,1958,October,The Yellow Pill,Rog Phillips,"Phillips, Rog"
1307,1958,November,Stimulus,Andrew Salmond,"Salmond, Andrew"
1308,1958,November,Unhuman Sacrifice,Katherine MacLean,"MacLean, Katherine"
1309,1958,November,"A Bicycle Built for Brew, part 1 of 2",Poul Anderson,"Anderson, Poul"
1310,1958,November,Goliath and the Beanstalk,Christopher Anvil,"Anvil, Christopher"
1311,1958,November,Gifts,Gordon R. Dickson,"Dickson, Gordon R."
1312,1958,December,The Queen Bee,Randall Garrett,"Garrett, Randall"
1313,1958,December,Ministry of Disturbance,H. Beam Piper,"Piper, H. Beam"
1314,1958,December,"A Bicycle Built for Brew, part 2 of 2",Poul Anderson,"Anderson, Poul"
1315,1958,December,Seller's Market,Christopher Anvil,"Anvil, Christopher"
1316,1958,December,Pieces of the Game,Mack Reynolds,"Reynolds, Mack"
1317,1958,December,Triggerman,J. F. Bone,"Bone, J. F."
1318,1959,January,To Run the Rim,A. Bertram Chandler,"Chandler, A. Bertram"
1319,1959,January,Deadlock,Robert Silverberg & Barbara Silverberg,"Silverberg, Robert Silverberg & Barbara"
1320,1959,January,Robin Hood's Barn,Poul Anderson,"Anderson, Poul"
1321,1959,January,Seedling,Charles V. De Vet,"De Vet, Charles V."
1322,1959,January,By New Hearth Fires,Gordon R. Dickson,"Dickson, Gordon R."
1323,1959,January,Study in Still Life,Eric Frank Russell,"Russell, Eric Frank"
1324,1959,February,Hi Diddle Diddle!,Calvin M. Knox,"Knox, Calvin M."
1325,1959,February,"The Pirates of Ersatz, part 1 of 3",Murray Leinster,"Leinster, Murray"
1326,1959,February,Accidental Death,Peter Baily,"Baily, Peter"
1327,1959,February,The Stoker and the Stars,John A. Sentry,"Sentry, John A."
1328,1959,February,Missing Link,Frank Herbert,"Herbert, Frank"
1329,1959,March,Despoilers of the Golden Empire,David Gordon,"Gordon, David"
1330,1959,March,"The Pirates of Ersatz, part 2 of 3",Murray Leinster,"Leinster, Murray"
1331,1959,March,Instinct,George O. Smith,"Smith, George O."
1332,1959,March,Translation Error,Robert Silverberg,"Silverberg, Robert"
1333,1959,March,The Man Who Did Not Fit,Algis Budrys,"Budrys, Algis"
1334,1959,April,Set A Thief,H. C. Elliott,"Elliott, H. C."
1335,1959,April,Wherever You Are,Winston P. Sanders,"Sanders, Winston P."
1336,1959,April,Now Inhale,Eric Frank Russell,"Russell, Eric Frank"
1337,1959,April,"The Pirates of Ersatz, part 3 of 3",Murray Leinster,"Leinster, Murray"
1338,1959,April,The Sieve,Christopher Anvil,"Anvil, Christopher"
1339,1959,April,The Catch,Gordon R. Dickson,"Dickson, Gordon R."
1340,1959,May,Cum Grano Salis,David Gordon,"Gordon, David"
1341,1959,May,Operation Haystack,Frank Herbert,"Herbert, Frank"
1342,1959,May,Hex,Larry M. Harris,"Harris, Larry M."
1343,1959,May,"Dorsai!, part 1 of 3",Gordon R. Dickson,"Dickson, Gordon R."
1344,1959,May,Disturbing Sun,Philip Latham,"Latham, Philip"
1345,1959,May,"We Didn't Do Anything Wrong, Hardly",Roger Kuykendall,"Kuykendall, Roger"
1346,1959,May,History Repeats,George O. Smith,"Smith, George O."
1347,1959,June,Cat and Mouse,Ralph Williams,"Williams, Ralph"
1348,1959,June,Transfusion,Chad Oliver,"Oliver, Chad"
1349,1959,June,"Dorsai!, part 2 of 3",Gordon R. Dickson,"Dickson, Gordon R."
1350,1959,June,All Day September,Roger Kuykendall,"Kuykendall, Roger"
1351,1959,June,Unborn Tomorrow,Mack Reynolds,"Reynolds, Mack"
1352,1959,July,"But, I Don't Think",Randall Garrett,"Garrett, Randall"
1353,1959,July,"Dorsai!, part 3 of 3",Gordon R. Dickson,"Dickson, Gordon R."
1354,1959,July,Leverage,Christopher Anvil,"Anvil, Christopher"
1355,1959,July,Vanishing Point,C. C. Beck,"Beck, C. C."
1356,1959,July,Broken Tool,Theodore L. Thomas,"Thomas, Theodore L."
1357,1959,July,Straw,Algis Budrys,"Budrys, Algis"
1358,1959,August,The Outsiders,A. Bertram Chandler,"Chandler, A. Bertram"
1359,1959,August,Familiar Pattern,George Whitley,"Whitley, George"
1360,1959,August,The Aliens,Murray Leinster,"Leinster, Murray"
1361,1959,August,Dead Giveaway,Randall Garrett,"Garrett, Randall"
1362,1959,August,A Matter of Proportion,Anne Walker,"Walker, Anne"
1363,1959,August,Day of Succession,Theodore L. Thomas,"Thomas, Theodore L."
1364,1959,September,A Matter of Importance,Murray Leinster,"Leinster, Murray"
1365,1959,September,"That Sweet Little Old Lady, part 1 of 2",Mark Phillips,"Phillips, Mark"
1366,1959,September,Captive Leaven,Christopher Anvil,"Anvil, Christopher"
1367,1959,September,The Sound of Breaking Glass,Algis Budrys,"Budrys, Algis"
1368,1959,September,...Or Your Money Back,David Gordon,"Gordon, David"
1369,1959,September,On Handling the Data,M. I. Mayfield,"Mayfield, M. I."
1370,1959,October,The Law Breakers,Christopher Anvil,"Anvil, Christopher"
1371,1959,October,Dodkin's Job,Jack Vance,"Vance, Jack"
1372,1959,October,"That Sweet Little Old Lady, part 2 of 2",Mark Phillips,"Phillips, Mark"
1373,1959,October,Unspecialist,Murray F. Yaco,"Yaco, Murray F."
1374,1959,November,The Unnecessary Man,Randall Garrett,"Garrett, Randall"
1375,1959,November,I Was A Teen-Age Secret Weapon,Richard Sabia,"Sabia, Richard"
1376,1959,November,"The Best Made Plans, part 1 of 2",Everett B. Cole,"Cole, Everett B."
1377,1959,November,A Filbert is a Nut,Rick Raphael,"Raphael, Rick"
1378,1959,November,Panic Button,Eric Frank Russell,"Russell, Eric Frank"
1379,1959,November,Certainty,Robert Silverberg,"Silverberg, Robert"
1380,1959,December,The Destroyers,Randall Garrett,"Garrett, Randall"
1381,1959,December,The Big Fix,George O. Smith,"Smith, George O."
1382,1959,December,"The Best Made Plans, part 2 of 2",Everett B. Cole,"Cole, Everett B."
1383,1959,December,Mating Problems,Christopher Anvil,"Anvil, Christopher"
1384,1959,December,Tell the Truth,E. C. Tubb,"Tubb, E. C."
1385,1960,January,Stress Pattern,Robert Silverberg,"Silverberg, Robert"
1386,1960,January,The Burning Bridge,Poul Anderson,"Anderson, Poul"
1387,1960,January,"Deathworld, part 1 of 3",Harry Harrison,"Harrison, Harry"
1388,1960,January,Viewpoint,Randall Garrett,"Garrett, Randall"
1389,1960,January,Attention Saint Patrick,Murray Leinster,"Leinster, Murray"
1390,1960,January,A Rose by Other Name...,Christopher Anvil,"Anvil, Christopher"
1391,1960,February,The Calibrated Alligator,Calvin M. Knox,"Knox, Calvin M."
1392,1960,February,What the Left Hand Was Doing,Darrell T. Langart,"Langart, Darrell T."
1393,1960,February,"Deathworld, part 2 of 3",Harry Harrison,"Harrison, Harry"
1394,1960,February,Summit,Mack Reynolds,"Reynolds, Mack"
1395,1960,February,Due Process,Algis Budrys,"Budrys, Algis"
1396,1960,February,The Leader,Murray Leinster,"Leinster, Murray"
1397,1960,March,Immortality... for Some,J. T. McIntosh,"McIntosh, J. T."
1398,1960,March,"Deathworld, part 3 of 3",Harry Harrison,"Harrison, Harry"
1399,1960,March,Shotgun Wedding,Christopher Anvil,"Anvil, Christopher"
1400,1960,March,The Barrier Moment,Winston P. Sanders,"Sanders, Winston P."
1401,1960,March,In Case of Fire,Randall Garrett,"Garrett, Randall"
1402,1960,April,Make Mine... Homogenized,Rick Raphael,"Raphael, Rick"
1403,1960,April,The Misplaced Battleship,Harry Harrison,"Harrison, Harry"
1404,1960,April,"Out Like A Light, part 1 of 3",Mark Phillips,"Phillips, Mark"
1405,1960,April,The Measure of A Man,Randall Garrett,"Garrett, Randall"
1406,1960,April,The Ambulance Made Two Trips,Murray Leinster,"Leinster, Murray"
1407,1960,May,Damned If You Don't,Randall Garrett,"Garrett, Randall"
1408,1960,May,Revolution,Mack Reynolds,"Reynolds, Mack"
1409,1960,May,"Out Like A Light, part 2 of 3",Mark Phillips,"Phillips, Mark"
1410,1960,May,Egocentric Orbit,John Cory,"Cory, John"
1411,1960,May,Wizard,Larry M. Harris,"Harris, Larry M."
1412,1960,June,Star Tiger,Christopher Anvil,"Anvil, Christopher"
1413,1960,June,Vigorish,Walter Bupp,"Bupp, Walter"
1414,1960,June,"Out Like A Light, part 3 of 3",Mark Phillips,"Phillips, Mark"
1415,1960,June,Charley de Milo,Larry M. Harris,"Harris, Larry M."
1416,1960,July,Subspace Survivors,Edward E. Smith,"Smith, E. E."
1417,1960,July,The Brotherhood of the Keepers,Dean McLaughlin,"McLaughlin, Dean"
1418,1960,July,"The High Crusade, part 1 of 3",Poul Anderson,"Anderson, Poul"
1419,1960,July,The Troublemaker,Christopher Anvil,"Anvil, Christopher"
1420,1960,August,Adaptation,Mack Reynolds,"Reynolds, Mack"
1421,1960,August,"The High Crusade, part 2 of 3",Poul Anderson,"Anderson, Poul"
1422,1960,August,A Taste of Poison,Christopher Anvil,"Anvil, Christopher"
1423,1960,August,Pushbutton War,Joseph P. Martino,"Martino, Joseph P."
1424,1960,August,Report on the Nature of the Lunar Surface,John Brunner,"Brunner, John"
1425,1960,September,Alarm Clock,Everett B. Cole,"Cole, Everett B."
1426,1960,September,By Proxy,David Gordon,"Gordon, David"
1427,1960,September,"The High Crusade, part 3 of 3",Poul Anderson,"Anderson, Poul"
1428,1960,September,A Transmutation of Muddles,H. B. Fyfe,"Fyfe, H. B."
1429,1960,September,Barnacle Bull,Winston P. Sanders,"Sanders, Winston P."